ts,bayId,T,RH,soil_theta,PPFD,CO2,ext_T,irrigation_liters,pump_on
2025-08-24 00:00:00,A1,29.3,62.1,0.35,-7.9,383.8,33.0,0.0,0
2025-08-24 00:10:00,A1,28.69,59.58,0.3485,-60.1,394.8,32.77,0.0,0
2025-08-24 00:20:00,A1,28.92,63.94,0.3461,19.1,398.5,32.54,0.0,0
2025-08-24 00:30:00,A1,29.21,62.35,0.3448,-37.2,399.8,32.3,0.0,0
2025-08-24 00:40:00,A1,27.91,66.76,0.3444,1.8,391.3,32.05,0.0,0
2025-08-24 00:50:00,A1,27.66,61.87,0.3437,8.3,395.0,31.8,0.0,0
2025-08-24 01:00:00,A1,28.5,67.35,0.3426,40.8,374.1,31.55,0.0,0
2025-08-24 01:10:00,A1,27.76,64.91,0.3417,-39.3,388.1,31.3,0.0,0
2025-08-24 01:20:00,A1,26.76,63.83,0.3406,-90.6,396.4,31.04,0.0,0
2025-08-24 01:30:00,A1,27.11,64.77,0.3398,5.5,384.4,30.78,0.0,0
2025-08-24 01:40:00,A1,26.24,65.7,0.3393,54.0,392.3,30.52,0.0,0
2025-08-24 01:50:00,A1,25.98,67.77,0.3376,37.2,395.0,30.26,0.0,0
2025-08-24 02:00:00,A1,26.15,68.55,0.3369,6.3,388.3,30.0,0.0,0
2025-08-24 02:10:00,A1,24.59,66.91,0.3366,-14.7,392.1,29.74,0.0,0
2025-08-24 02:20:00,A1,24.44,68.55,0.3356,24.2,382.8,29.48,0.0,0
2025-08-24 02:30:00,A1,24.88,73.42,0.3352,-29.2,388.6,29.22,0.0,0
2025-08-24 02:40:00,A1,24.35,73.1,0.3358,14.3,395.0,28.96,0.0,0
2025-08-24 02:50:00,A1,24.89,71.01,0.3349,15.2,391.3,28.7,0.0,0
2025-08-24 03:00:00,A1,23.9,70.68,0.3344,31.8,385.3,28.45,0.0,0
2025-08-24 03:10:00,A1,23.35,71.3,0.3332,82.8,391.8,28.2,0.0,0
2025-08-24 03:20:00,A1,24.83,72.72,0.3325,11.8,395.8,27.95,0.0,0
2025-08-24 03:30:00,A1,23.57,69.85,0.332,-15.3,373.9,27.7,0.0,0
2025-08-24 03:40:00,A1,23.5,71.77,0.3313,-0.8,399.7,27.46,0.0,0
2025-08-24 03:50:00,A1,22.37,69.31,0.3302,-53.1,388.0,27.23,0.0,0
2025-08-24 04:00:00,A1,22.67,73.79,0.3296,-20.8,394.4,27.0,0.0,0
2025-08-24 04:10:00,A1,22.84,74.6,0.3296,-12.3,401.0,26.78,0.0,0
2025-08-24 04:20:00,A1,21.87,72.63,0.3292,-15.7,380.8,26.56,0.0,0
2025-08-24 04:30:00,A1,22.57,77.01,0.3289,4.6,386.6,26.35,0.0,0
2025-08-24 04:40:00,A1,21.78,71.64,0.3282,-24.7,390.5,26.14,0.0,0
2025-08-24 04:50:00,A1,21.77,71.38,0.3279,33.6,387.1,25.95,0.0,0
2025-08-24 05:00:00,A1,21.4,74.94,0.3273,0.0,407.9,25.76,0.0,0
2025-08-24 05:10:00,A1,22.69,76.74,0.3262,-0.3,387.8,25.58,0.0,0
2025-08-24 05:20:00,A1,21.4,78.14,0.3257,-9.8,391.0,25.4,0.0,0
2025-08-24 05:30:00,A1,20.61,73.95,0.3245,4.7,397.8,25.24,0.0,0
2025-08-24 05:40:00,A1,21.58,77.1,0.3235,24.8,387.4,25.09,0.0,0
2025-08-24 05:50:00,A1,20.21,74.91,0.3231,-26.0,394.7,24.94,0.0,0
2025-08-24 06:00:00,A1,20.93,74.65,0.3226,-19.7,401.3,24.8,0.0,0
2025-08-24 06:10:00,A1,19.5,76.75,0.3214,34.5,397.1,24.68,0.0,0
2025-08-24 06:20:00,A1,19.77,76.25,0.3213,46.8,400.0,24.56,0.0,0
2025-08-24 06:30:00,A1,20.57,71.72,0.3209,105.9,397.5,24.46,0.0,0
2025-08-24 06:40:00,A1,20.8,77.73,0.3198,159.4,390.7,24.36,0.0,0
2025-08-24 06:50:00,A1,20.38,77.4,0.3182,242.7,406.5,24.28,0.0,0
2025-08-24 07:00:00,A1,20.14,73.24,0.3174,266.7,419.0,24.2,0.0,0
2025-08-24 07:10:00,A1,19.96,75.1,0.3164,306.5,406.3,24.14,0.0,0
2025-08-24 07:20:00,A1,19.2,75.08,0.3156,367.5,409.1,24.09,0.0,0
2025-08-24 07:30:00,A1,19.62,74.38,0.3146,378.6,414.1,24.05,0.0,0
2025-08-24 07:40:00,A1,19.75,72.49,0.3128,434.3,399.6,24.02,0.0,0
2025-08-24 07:50:00,A1,20.64,71.96,0.3116,458.7,424.6,24.01,0.0,0
2025-08-24 08:00:00,A1,20.21,72.94,0.3106,508.0,413.9,24.0,0.0,0
2025-08-24 08:10:00,A1,18.95,75.0,0.31,519.8,426.6,24.01,0.0,0
2025-08-24 08:20:00,A1,20.22,73.37,0.3087,500.4,408.9,24.02,0.0,0
2025-08-24 08:30:00,A1,19.82,71.16,0.3086,604.7,430.6,24.05,0.0,0
2025-08-24 08:40:00,A1,19.69,73.03,0.3066,685.5,423.6,24.09,0.0,0
2025-08-24 08:50:00,A1,20.51,65.36,0.3062,703.4,423.1,24.14,0.0,0
2025-08-24 09:00:00,A1,20.82,72.9,0.305,736.1,421.9,24.2,0.0,0
2025-08-24 09:10:00,A1,20.84,66.65,0.3043,774.4,419.3,24.28,0.0,0
2025-08-24 09:20:00,A1,19.86,68.92,0.3033,768.7,432.2,24.36,0.0,0
2025-08-24 09:30:00,A1,20.27,66.89,0.3028,799.3,425.0,24.46,0.0,0
2025-08-24 09:40:00,A1,20.76,66.01,0.3014,800.6,409.5,24.56,0.0,0
2025-08-24 09:50:00,A1,21.26,70.38,0.2997,833.9,417.6,24.68,0.0,0
2025-08-24 10:00:00,A1,20.52,66.56,0.2992,884.5,426.3,24.8,0.0,0
2025-08-24 10:10:00,A1,20.83,67.62,0.298,923.1,431.5,24.94,0.0,0
2025-08-24 10:20:00,A1,20.42,66.25,0.2969,902.1,429.8,25.09,0.0,0
2025-08-24 10:30:00,A1,20.52,66.69,0.2963,910.4,441.2,25.24,0.0,0
2025-08-24 10:40:00,A1,21.89,65.28,0.2945,939.7,417.1,25.4,0.0,0
2025-08-24 10:50:00,A1,22.39,61.94,0.2934,971.8,435.0,25.58,0.0,0
2025-08-24 11:00:00,A1,21.71,65.87,0.2919,922.6,420.5,25.76,0.0,0
2025-08-24 11:10:00,A1,22.55,62.26,0.2905,907.4,442.2,25.95,0.0,0
2025-08-24 11:20:00,A1,22.36,59.49,0.2891,968.3,436.5,26.14,0.0,0
2025-08-24 11:30:00,A1,21.96,61.1,0.287,954.8,441.6,26.35,0.0,0
2025-08-24 11:40:00,A1,22.78,64.31,0.2852,981.0,432.4,26.56,0.0,0
2025-08-24 11:50:00,A1,23.7,62.35,0.2844,994.6,450.5,26.78,0.0,0
2025-08-24 12:00:00,A1,22.98,59.3,0.2834,986.4,449.5,27.0,0.0,0
2025-08-24 12:10:00,A1,24.17,58.65,0.2818,1042.6,446.8,27.23,0.0,0
2025-08-24 12:20:00,A1,21.89,58.05,0.2806,1006.0,441.9,27.46,0.0,0
2025-08-24 12:30:00,A1,24.2,62.2,0.2875,1000.5,448.4,27.7,0.861,1
2025-08-24 12:40:00,A1,24.0,58.16,0.2867,1003.5,438.9,27.95,0.0,0
2025-08-24 12:50:00,A1,24.02,57.61,0.2858,942.1,452.1,28.2,0.0,0
2025-08-24 13:00:00,A1,24.5,58.18,0.2838,997.1,459.2,28.45,0.0,0
2025-08-24 13:10:00,A1,23.51,55.97,0.2832,951.4,455.2,28.7,0.0,0
2025-08-24 13:20:00,A1,24.83,54.35,0.2809,959.8,441.4,28.96,0.0,0
2025-08-24 13:30:00,A1,25.43,53.87,0.2801,891.7,450.6,29.22,0.0,0
2025-08-24 13:40:00,A1,26.36,53.52,0.2845,859.7,437.8,29.48,0.617,1
2025-08-24 13:50:00,A1,25.43,53.0,0.2828,911.5,453.2,29.74,0.0,0
2025-08-24 14:00:00,A1,25.51,53.96,0.2804,877.3,452.6,30.0,0.0,0
2025-08-24 14:10:00,A1,25.96,52.04,0.2848,816.3,434.3,30.26,0.615,1
2025-08-24 14:20:00,A1,27.07,52.86,0.2827,793.1,440.2,30.52,0.0,0
2025-08-24 14:30:00,A1,26.98,50.71,0.2815,827.1,447.5,30.78,0.0,0
2025-08-24 14:40:00,A1,26.72,50.52,0.2801,730.4,447.5,31.04,0.0,0
2025-08-24 14:50:00,A1,27.61,45.87,0.292,786.6,440.3,31.3,1.339,1
2025-08-24 15:00:00,A1,27.61,51.23,0.29,680.1,453.1,31.55,0.0,0
2025-08-24 15:10:00,A1,28.39,49.63,0.288,694.7,452.0,31.8,0.0,0
2025-08-24 15:20:00,A1,27.63,50.51,0.2874,632.9,448.3,32.05,0.0,0
2025-08-24 15:30:00,A1,28.1,42.31,0.2858,626.9,443.7,32.3,0.0,0
2025-08-24 15:40:00,A1,28.3,51.89,0.2843,557.3,457.9,32.54,0.0,0
2025-08-24 15:50:00,A1,27.89,47.07,0.2834,532.4,462.5,32.77,0.0,0
2025-08-24 16:00:00,A1,29.18,49.23,0.2826,501.2,445.1,33.0,0.0,0
2025-08-24 16:10:00,A1,29.38,44.62,0.2812,431.7,443.7,33.22,0.0,0
2025-08-24 16:20:00,A1,29.44,47.63,0.2796,444.8,452.1,33.44,0.0,0
2025-08-24 16:30:00,A1,29.51,44.03,0.2783,367.3,444.9,33.65,0.0,0
2025-08-24 16:40:00,A1,29.01,44.66,0.2923,335.2,446.1,33.86,1.664,1
2025-08-24 16:50:00,A1,29.8,49.52,0.2912,270.9,452.5,34.05,0.0,0
2025-08-24 17:00:00,A1,30.04,45.13,0.2902,181.9,430.7,34.24,0.0,0
2025-08-24 17:10:00,A1,29.94,45.79,0.2882,210.7,455.8,34.42,0.0,0
2025-08-24 17:20:00,A1,30.5,46.97,0.2856,246.0,445.2,34.6,0.0,0
2025-08-24 17:30:00,A1,31.0,46.12,0.2846,154.1,440.5,34.76,0.0,0
2025-08-24 17:40:00,A1,32.05,45.36,0.2834,86.6,442.3,34.91,0.0,0
2025-08-24 17:50:00,A1,31.17,45.74,0.282,35.7,441.8,35.06,0.0,0
2025-08-24 18:00:00,A1,31.35,49.81,0.2811,0.7,427.4,35.2,0.0,0
2025-08-24 18:10:00,A1,31.28,44.9,0.28,16.4,452.2,35.32,0.0,0
2025-08-24 18:20:00,A1,30.29,45.46,0.2956,-35.4,439.6,35.44,1.599,1
2025-08-24 18:30:00,A1,31.53,47.23,0.295,33.4,441.8,35.54,0.0,0
2025-08-24 18:40:00,A1,31.67,47.44,0.2938,21.5,444.8,35.64,0.0,0
2025-08-24 18:50:00,A1,33.2,47.73,0.2929,21.5,427.9,35.72,0.0,0
2025-08-24 19:00:00,A1,31.68,46.79,0.2916,13.2,438.8,35.8,0.0,0
2025-08-24 19:10:00,A1,32.04,43.41,0.2902,0.6,431.7,35.86,0.0,0
2025-08-24 19:20:00,A1,31.89,49.17,0.2891,20.2,439.5,35.91,0.0,0
2025-08-24 19:30:00,A1,31.25,43.85,0.2881,17.8,414.5,35.95,0.0,0
2025-08-24 19:40:00,A1,32.66,47.01,0.2872,-10.6,429.5,35.98,0.0,0
2025-08-24 19:50:00,A1,32.45,45.19,0.286,-17.2,424.2,35.99,0.0,0
2025-08-24 20:00:00,A1,32.47,46.88,0.284,3.1,431.2,36.0,0.0,0
2025-08-24 20:10:00,A1,31.45,48.01,0.2826,46.5,430.3,35.99,0.0,0
2025-08-24 20:20:00,A1,32.82,48.36,0.282,-37.2,419.5,35.98,0.0,0
2025-08-24 20:30:00,A1,31.11,48.94,0.2808,-44.0,418.2,35.95,0.0,0
2025-08-24 20:40:00,A1,32.26,51.74,0.3002,4.9,421.7,35.91,2.06,1
2025-08-24 20:50:00,A1,33.17,49.85,0.2983,1.5,414.1,35.86,0.0,0
2025-08-24 21:00:00,A1,31.2,48.91,0.2972,5.2,426.7,35.8,0.0,0
2025-08-24 21:10:00,A1,31.38,51.79,0.2959,7.3,415.7,35.72,0.0,0
2025-08-24 21:20:00,A1,31.7,52.74,0.2943,-6.7,394.1,35.64,0.0,0
2025-08-24 21:30:00,A1,31.24,48.41,0.2931,44.7,413.1,35.54,0.0,0
2025-08-24 21:40:00,A1,30.51,52.59,0.2924,-48.0,406.5,35.44,0.0,0
2025-08-24 21:50:00,A1,31.36,53.34,0.2914,-24.9,400.5,35.32,0.0,0
2025-08-24 22:00:00,A1,30.56,51.9,0.2905,-3.1,402.3,35.2,0.0,0
2025-08-24 22:10:00,A1,31.34,55.83,0.2904,-49.3,411.9,35.06,0.0,0
2025-08-24 22:20:00,A1,30.36,53.36,0.2892,-5.3,420.4,34.91,0.0,0
2025-08-24 22:30:00,A1,31.69,54.51,0.2883,49.8,411.0,34.76,0.0,0
2025-08-24 22:40:00,A1,30.13,54.52,0.287,0.6,402.5,34.6,0.0,0
2025-08-24 22:50:00,A1,30.23,55.52,0.2856,6.9,409.8,34.42,0.0,0
2025-08-24 23:00:00,A1,30.73,53.93,0.2843,-37.8,401.3,34.24,0.0,0
2025-08-24 23:10:00,A1,29.32,53.87,0.2831,-18.5,398.3,34.05,0.0,0
2025-08-24 23:20:00,A1,29.99,60.58,0.2823,-11.3,393.6,33.86,0.0,0
2025-08-24 23:30:00,A1,30.44,56.35,0.2824,-9.5,387.7,33.65,0.0,0
2025-08-24 23:40:00,A1,28.48,56.71,0.2811,38.4,397.6,33.44,0.0,0
2025-08-24 23:50:00,A1,29.33,55.04,0.2851,16.7,401.0,33.22,0.521,1
2025-08-25 00:00:00,A1,29.16,58.72,0.2841,-33.3,398.0,33.0,0.0,0
2025-08-25 00:10:00,A1,29.24,58.01,0.2834,7.4,394.6,32.77,0.0,0
2025-08-25 00:20:00,A1,27.79,64.59,0.2826,14.9,389.5,32.54,0.0,0
2025-08-25 00:30:00,A1,27.5,63.98,0.2823,34.2,401.1,32.3,0.0,0
2025-08-25 00:40:00,A1,28.37,61.23,0.2801,47.4,384.9,32.05,0.0,0
2025-08-25 00:50:00,A1,27.98,67.75,0.3009,-30.5,400.9,31.8,2.288,1
2025-08-25 01:00:00,A1,27.7,65.85,0.2998,-24.3,386.0,31.55,0.0,0
2025-08-25 01:10:00,A1,27.51,63.86,0.2994,-37.7,387.4,31.3,0.0,0
2025-08-25 01:20:00,A1,26.63,60.13,0.2978,-7.0,381.1,31.04,0.0,0
2025-08-25 01:30:00,A1,26.92,70.32,0.2954,14.0,388.3,30.78,0.0,0
2025-08-25 01:40:00,A1,26.7,63.56,0.2948,29.6,399.6,30.52,0.0,0
2025-08-25 01:50:00,A1,25.83,63.64,0.2941,-2.3,395.5,30.26,0.0,0
2025-08-25 02:00:00,A1,27.12,69.55,0.2927,-9.6,398.8,30.0,0.0,0
2025-08-25 02:10:00,A1,26.02,72.94,0.2913,4.6,394.9,29.74,0.0,0
2025-08-25 02:20:00,A1,24.76,71.37,0.2901,-25.1,381.6,29.48,0.0,0
2025-08-25 02:30:00,A1,25.61,70.26,0.2892,62.7,387.6,29.22,0.0,0
2025-08-25 02:40:00,A1,24.37,70.83,0.2882,-48.2,383.9,28.96,0.0,0
2025-08-25 02:50:00,A1,25.17,71.84,0.2876,5.5,400.7,28.7,0.0,0
2025-08-25 03:00:00,A1,25.14,72.12,0.2854,60.7,380.4,28.45,0.0,0
2025-08-25 03:10:00,A1,23.7,71.62,0.2842,0.2,397.2,28.2,0.0,0
2025-08-25 03:20:00,A1,24.53,71.7,0.2828,-5.7,397.3,27.95,0.0,0
2025-08-25 03:30:00,A1,23.95,71.78,0.282,-10.7,404.9,27.7,0.0,0
2025-08-25 03:40:00,A1,23.96,70.78,0.2809,-5.4,387.2,27.46,0.0,0
2025-08-25 03:50:00,A1,24.37,72.09,0.2805,41.2,396.4,27.23,0.0,0
2025-08-25 04:00:00,A1,22.85,69.6,0.2789,-66.4,409.3,27.0,0.0,0
2025-08-25 04:10:00,A1,22.32,73.11,0.292,46.0,386.4,26.78,1.4,1
2025-08-25 04:20:00,A1,22.02,71.62,0.2914,-42.7,379.5,26.56,0.0,0
2025-08-25 04:30:00,A1,21.86,71.65,0.2913,-8.0,377.2,26.35,0.0,0
2025-08-25 04:40:00,A1,22.1,74.46,0.2911,-12.9,398.5,26.14,0.0,0
2025-08-25 04:50:00,A1,22.15,77.09,0.2914,17.7,378.3,25.95,0.0,0
2025-08-25 05:00:00,A1,21.92,76.33,0.2918,-47.9,391.0,25.76,0.0,0
2025-08-25 05:10:00,A1,22.07,71.5,0.2906,13.9,398.2,25.58,0.0,0
2025-08-25 05:20:00,A1,21.41,72.79,0.2897,60.7,396.9,25.4,0.0,0
2025-08-25 05:30:00,A1,22.11,76.75,0.2903,-40.9,399.6,25.24,0.0,0
2025-08-25 05:40:00,A1,20.93,72.98,0.2896,5.7,398.8,25.09,0.0,0
2025-08-25 05:50:00,A1,22.57,74.54,0.2891,-19.9,408.1,24.94,0.0,0
2025-08-25 06:00:00,A1,21.18,76.1,0.2877,12.8,391.2,24.8,0.0,0
2025-08-25 06:10:00,A1,20.16,73.05,0.2871,44.2,394.3,24.68,0.0,0
2025-08-25 06:20:00,A1,19.92,75.15,0.2874,67.9,394.5,24.56,0.0,0
2025-08-25 06:30:00,A1,20.75,72.2,0.2873,145.2,408.4,24.46,0.0,0
2025-08-25 06:40:00,A1,20.23,73.57,0.2863,227.8,410.0,24.36,0.0,0
2025-08-25 06:50:00,A1,20.71,75.28,0.2853,210.7,407.5,24.28,0.0,0
2025-08-25 07:00:00,A1,20.49,71.3,0.284,280.4,414.5,24.2,0.0,0
2025-08-25 07:10:00,A1,20.1,75.19,0.2828,261.9,396.7,24.14,0.0,0
2025-08-25 07:20:00,A1,19.58,74.06,0.281,313.3,420.7,24.09,0.0,0
2025-08-25 07:30:00,A1,19.14,74.96,0.2802,396.9,420.7,24.05,0.0,0
2025-08-25 07:40:00,A1,19.75,74.04,0.28,467.1,415.6,24.02,0.0,0
2025-08-25 07:50:00,A1,20.52,76.03,0.3005,472.4,425.2,24.01,2.12,1
2025-08-25 08:00:00,A1,20.13,73.24,0.3003,490.6,399.0,24.0,0.0,0
2025-08-25 08:10:00,A1,19.26,71.79,0.299,537.3,409.3,24.01,0.0,0
2025-08-25 08:20:00,A1,20.13,72.53,0.2977,536.1,408.9,24.02,0.0,0
2025-08-25 08:30:00,A1,20.28,72.99,0.2958,626.9,421.9,24.05,0.0,0
2025-08-25 08:40:00,A1,19.56,71.59,0.2949,669.3,409.0,24.09,0.0,0
2025-08-25 08:50:00,A1,20.23,71.14,0.2924,662.0,424.8,24.14,0.0,0
2025-08-25 09:00:00,A1,20.24,69.2,0.2917,693.0,431.0,24.2,0.0,0
2025-08-25 09:10:00,A1,19.59,68.81,0.2906,745.3,426.9,24.28,0.0,0
2025-08-25 09:20:00,A1,20.58,66.84,0.2898,752.9,424.9,24.36,0.0,0
2025-08-25 09:30:00,A1,20.79,72.63,0.2892,791.4,416.0,24.46,0.0,0
2025-08-25 09:40:00,A1,21.21,66.12,0.2881,882.1,418.4,24.56,0.0,0
2025-08-25 09:50:00,A1,21.31,66.67,0.2877,836.0,436.5,24.68,0.0,0
2025-08-25 10:00:00,A1,19.98,66.06,0.2869,855.3,434.0,24.8,0.0,0
2025-08-25 10:10:00,A1,20.38,68.72,0.2854,867.6,428.7,24.94,0.0,0
2025-08-25 10:20:00,A1,21.39,65.75,0.284,928.6,426.9,25.09,0.0,0
2025-08-25 10:30:00,A1,21.55,68.24,0.2816,918.4,415.3,25.24,0.0,0
2025-08-25 10:40:00,A1,21.71,63.78,0.2897,920.2,424.1,25.4,0.988,1
2025-08-25 10:50:00,A1,23.89,65.07,0.2878,993.4,449.1,25.58,0.0,0
2025-08-25 11:00:00,A1,22.1,62.21,0.2858,1008.5,424.8,25.76,0.0,0
2025-08-25 11:10:00,A1,22.63,67.54,0.2835,958.3,437.6,25.95,0.0,0
2025-08-25 11:20:00,A1,22.72,60.23,0.2818,928.8,445.3,26.14,0.0,0
2025-08-25 11:30:00,A1,22.74,62.58,0.2814,1021.7,428.2,26.35,0.0,0
2025-08-25 11:40:00,A1,22.37,62.57,0.2801,975.7,440.8,26.56,0.0,0
2025-08-25 11:50:00,A1,23.23,61.48,0.2851,1022.8,447.8,26.78,0.599,1
2025-08-25 12:00:00,A1,22.54,59.63,0.2833,940.9,441.3,27.0,0.0,0
2025-08-25 12:10:00,A1,23.09,59.09,0.2811,1025.8,465.1,27.23,0.0,0
2025-08-25 12:20:00,A1,23.17,58.78,0.2938,959.9,429.6,27.46,1.482,1
2025-08-25 12:30:00,A1,23.75,57.75,0.2918,1013.4,452.3,27.7,0.0,0
2025-08-25 12:40:00,A1,25.34,59.32,0.2899,985.2,443.2,27.95,0.0,0
2025-08-25 12:50:00,A1,23.08,61.17,0.2879,947.7,451.5,28.2,0.0,0
2025-08-25 13:00:00,A1,24.86,55.0,0.2852,953.7,449.5,28.45,0.0,0
2025-08-25 13:10:00,A1,23.73,52.75,0.2839,974.3,440.7,28.7,0.0,0
2025-08-25 13:20:00,A1,24.67,54.69,0.2824,942.9,449.0,28.96,0.0,0
2025-08-25 13:30:00,A1,25.87,59.42,0.2812,941.4,432.9,29.22,0.0,0
2025-08-25 13:40:00,A1,25.52,52.05,0.2962,965.6,453.0,29.48,1.715,1
2025-08-25 13:50:00,A1,25.09,56.35,0.2948,840.1,451.0,29.74,0.0,0
2025-08-25 14:00:00,A1,25.57,55.86,0.2929,914.5,454.1,30.0,0.0,0
2025-08-25 14:10:00,A1,26.67,50.83,0.2914,846.5,457.8,30.26,0.0,0
2025-08-25 14:20:00,A1,26.08,52.53,0.2896,792.2,452.5,30.52,0.0,0
2025-08-25 14:30:00,A1,26.91,54.13,0.2876,753.4,450.9,30.78,0.0,0
2025-08-25 14:40:00,A1,27.07,49.6,0.2864,760.4,442.8,31.04,0.0,0
2025-08-25 14:50:00,A1,26.91,49.46,0.2848,764.9,444.3,31.3,0.0,0
2025-08-25 15:00:00,A1,28.84,48.23,0.2838,703.3,459.5,31.55,0.0,0
2025-08-25 15:10:00,A1,28.18,46.91,0.2819,720.9,461.5,31.8,0.0,0
2025-08-25 15:20:00,A1,26.84,47.21,0.2804,599.3,448.0,32.05,0.0,0
2025-08-25 15:30:00,A1,28.41,45.65,0.2945,608.4,450.1,32.3,1.59,1
2025-08-25 15:40:00,A1,28.14,47.78,0.2925,536.0,442.3,32.54,0.0,0
2025-08-25 15:50:00,A1,29.28,45.81,0.2908,548.2,458.7,32.77,0.0,0
2025-08-25 16:00:00,A1,28.52,47.48,0.289,526.6,454.3,33.0,0.0,0
2025-08-25 16:10:00,A1,29.15,43.58,0.2873,449.1,464.1,33.22,0.0,0
2025-08-25 16:20:00,A1,29.74,47.07,0.2856,344.5,441.2,33.44,0.0,0
2025-08-25 16:30:00,A1,30.17,47.81,0.285,388.7,444.7,33.65,0.0,0
2025-08-25 16:40:00,A1,29.14,41.92,0.2833,355.1,449.0,33.86,0.0,0
2025-08-25 16:50:00,A1,29.85,46.44,0.2817,312.8,451.8,34.05,0.0,0
2025-08-25 17:00:00,A1,29.96,47.97,0.3044,295.9,444.3,34.24,2.453,1
2025-08-25 17:10:00,A1,30.03,42.94,0.3026,184.3,438.3,34.42,0.0,0
2025-08-25 17:20:00,A1,31.66,48.57,0.3009,194.1,451.6,34.6,0.0,0
2025-08-25 17:30:00,A1,31.0,45.97,0.3004,166.3,449.6,34.76,0.0,0
2025-08-25 17:40:00,A1,30.16,43.65,0.2994,33.8,435.7,34.91,0.0,0
2025-08-25 17:50:00,A1,31.61,44.9,0.2983,53.2,453.0,35.06,0.0,0
2025-08-25 18:00:00,A1,32.47,46.12,0.2973,-15.1,450.6,35.2,0.0,0
2025-08-25 18:10:00,A1,31.94,45.17,0.2969,-2.4,441.3,35.32,0.0,0
2025-08-25 18:20:00,A1,30.53,46.13,0.2954,10.4,439.9,35.44,0.0,0
2025-08-25 18:30:00,A1,31.25,43.29,0.2941,-14.6,442.7,35.54,0.0,0
2025-08-25 18:40:00,A1,32.4,45.57,0.293,-20.3,430.3,35.64,0.0,0
2025-08-25 18:50:00,A1,31.3,42.53,0.2911,1.0,436.4,35.72,0.0,0
2025-08-25 19:00:00,A1,32.06,45.29,0.2896,-32.6,417.8,35.8,0.0,0
2025-08-25 19:10:00,A1,32.32,43.89,0.289,-32.6,440.9,35.86,0.0,0
2025-08-25 19:20:00,A1,31.35,44.43,0.2883,20.4,420.2,35.91,0.0,0
2025-08-25 19:30:00,A1,31.91,48.61,0.2878,-34.5,443.5,35.95,0.0,0
2025-08-25 19:40:00,A1,30.03,48.59,0.2865,20.0,427.6,35.98,0.0,0
2025-08-25 19:50:00,A1,31.38,47.91,0.2852,13.9,427.3,35.99,0.0,0
2025-08-25 20:00:00,A1,31.85,44.82,0.2832,-51.8,422.7,36.0,0.0,0
2025-08-25 20:10:00,A1,31.25,46.72,0.2827,-20.3,424.2,35.99,0.0,0
2025-08-25 20:20:00,A1,32.96,50.14,0.2821,35.8,436.6,35.98,0.0,0
2025-08-25 20:30:00,A1,31.09,48.38,0.2816,-29.4,404.0,35.95,0.0,0
2025-08-25 20:40:00,A1,31.64,53.15,0.2813,-13.9,432.8,35.91,0.0,0
2025-08-25 20:50:00,A1,31.94,49.73,0.2805,13.9,424.0,35.86,0.0,0
2025-08-25 21:00:00,A1,32.66,49.78,0.2801,23.5,410.3,35.8,0.0,0
2025-08-25 21:10:00,A1,30.86,49.25,0.2956,-7.5,410.1,35.72,1.659,1
2025-08-25 21:20:00,A1,32.34,50.63,0.2936,-17.9,430.8,35.64,0.0,0
2025-08-25 21:30:00,A1,31.55,50.56,0.2926,42.7,408.5,35.54,0.0,0
2025-08-25 21:40:00,A1,30.85,52.81,0.292,52.2,405.6,35.44,0.0,0
2025-08-25 21:50:00,A1,31.6,53.85,0.291,29.4,422.6,35.32,0.0,0
2025-08-25 22:00:00,A1,31.32,50.93,0.2911,2.6,414.9,35.2,0.0,0
2025-08-25 22:10:00,A1,30.7,50.41,0.2891,-24.2,403.5,35.06,0.0,0
2025-08-25 22:20:00,A1,30.96,49.99,0.2881,-24.9,411.5,34.91,0.0,0
2025-08-25 22:30:00,A1,30.53,55.28,0.2871,15.7,400.3,34.76,0.0,0
2025-08-25 22:40:00,A1,30.66,52.66,0.2854,12.6,416.1,34.6,0.0,0
2025-08-25 22:50:00,A1,30.82,51.18,0.2837,42.0,414.6,34.42,0.0,0
2025-08-25 23:00:00,A1,31.19,56.89,0.2822,19.5,409.3,34.24,0.0,0
2025-08-25 23:10:00,A1,29.31,61.74,0.2807,-45.1,406.8,34.05,0.0,0
2025-08-25 23:20:00,A1,31.14,57.38,0.2796,31.6,416.9,33.86,0.0,0
2025-08-25 23:30:00,A1,28.48,59.72,0.2994,-29.9,401.7,33.65,2.052,1
2025-08-25 23:40:00,A1,29.35,58.86,0.2988,-11.5,391.3,33.44,0.0,0
2025-08-25 23:50:00,A1,29.58,59.15,0.2981,7.5,403.3,33.22,0.0,0
2025-08-26 00:00:00,A1,29.17,61.84,0.2974,59.9,415.5,33.0,0.0,0
2025-08-26 00:10:00,A1,28.4,60.07,0.2966,93.3,389.8,32.77,0.0,0
2025-08-26 00:20:00,A1,28.41,61.84,0.2952,18.2,394.1,32.54,0.0,0
2025-08-26 00:30:00,A1,28.0,62.6,0.2944,-5.5,399.5,32.3,0.0,0
2025-08-26 00:40:00,A1,27.7,61.27,0.2941,16.0,395.0,32.05,0.0,0
2025-08-26 00:50:00,A1,28.31,65.23,0.2928,26.6,386.8,31.8,0.0,0
2025-08-26 01:00:00,A1,27.77,63.53,0.293,-9.6,403.0,31.55,0.0,0
2025-08-26 01:10:00,A1,26.88,63.0,0.2918,53.9,412.0,31.3,0.0,0
2025-08-26 01:20:00,A1,27.58,66.2,0.2909,6.9,394.4,31.04,0.0,0
2025-08-26 01:30:00,A1,26.97,63.94,0.2897,14.9,385.1,30.78,0.0,0
2025-08-26 01:40:00,A1,27.01,66.4,0.2889,20.0,379.4,30.52,0.0,0
2025-08-26 01:50:00,A1,26.64,66.91,0.2871,12.6,393.5,30.26,0.0,0
2025-08-26 02:00:00,A1,25.5,69.67,0.286,25.2,399.9,30.0,0.0,0
2025-08-26 02:10:00,A1,25.4,69.01,0.2847,-18.5,394.5,29.74,0.0,0
2025-08-26 02:20:00,A1,25.93,68.55,0.2839,-16.7,390.4,29.48,0.0,0
2025-08-26 02:30:00,A1,25.58,70.77,0.2836,-33.0,385.5,29.22,0.0,0
2025-08-26 02:40:00,A1,24.95,72.42,0.2831,13.2,381.4,28.96,0.0,0
2025-08-26 02:50:00,A1,24.77,71.25,0.2811,23.4,396.7,28.7,0.0,0
2025-08-26 03:00:00,A1,25.21,70.63,0.2813,13.7,397.3,28.45,0.0,0
2025-08-26 03:10:00,A1,23.84,68.44,0.2807,50.2,377.7,28.2,0.0,0
2025-08-26 03:20:00,A1,24.28,69.36,0.3011,-0.2,402.8,27.95,2.156,1
2025-08-26 03:30:00,A1,23.58,71.29,0.3,20.1,394.8,27.7,0.0,0
2025-08-26 03:40:00,A1,23.33,71.07,0.2994,-32.8,401.7,27.46,0.0,0
2025-08-26 03:50:00,A1,23.89,72.28,0.2984,-11.6,380.0,27.23,0.0,0
2025-08-26 04:00:00,A1,23.5,73.1,0.2974,20.9,380.1,27.0,0.0,0
2025-08-26 04:10:00,A1,23.26,74.36,0.2963,25.5,390.2,26.78,0.0,0
2025-08-26 04:20:00,A1,23.34,73.45,0.2949,-8.8,395.8,26.56,0.0,0
2025-08-26 04:30:00,A1,22.36,74.83,0.2942,-2.1,406.7,26.35,0.0,0
2025-08-26 04:40:00,A1,22.55,74.22,0.2939,-45.5,398.5,26.14,0.0,0
2025-08-26 04:50:00,A1,21.76,70.35,0.2935,-10.7,391.4,25.95,0.0,0
2025-08-26 05:00:00,A1,21.95,72.61,0.2932,26.7,385.8,25.76,0.0,0
2025-08-26 05:10:00,A1,21.5,74.36,0.2927,17.3,404.5,25.58,0.0,0
2025-08-26 05:20:00,A1,21.46,72.35,0.2917,15.0,387.7,25.4,0.0,0
2025-08-26 05:30:00,A1,21.6,76.07,0.2915,1.5,409.2,25.24,0.0,0
2025-08-26 05:40:00,A1,20.59,78.0,0.2902,0.2,394.7,25.09,0.0,0
2025-08-26 05:50:00,A1,22.2,77.42,0.2891,-19.8,410.6,24.94,0.0,0
2025-08-26 06:00:00,A1,20.2,74.57,0.2879,21.0,404.2,24.8,0.0,0
2025-08-26 06:10:00,A1,19.95,77.97,0.2879,56.2,398.6,24.68,0.0,0
2025-08-26 06:20:00,A1,21.26,75.24,0.2876,101.9,396.6,24.56,0.0,0
2025-08-26 06:30:00,A1,20.93,74.2,0.2871,114.7,399.0,24.46,0.0,0
2025-08-26 06:40:00,A1,20.74,73.55,0.287,109.0,406.2,24.36,0.0,0
2025-08-26 06:50:00,A1,20.65,74.04,0.2858,249.4,404.5,24.28,0.0,0
2025-08-26 07:00:00,A1,20.2,73.71,0.2852,244.5,400.2,24.2,0.0,0
2025-08-26 07:10:00,A1,19.6,74.65,0.2844,274.8,404.8,24.14,0.0,0
2025-08-26 07:20:00,A1,20.14,74.42,0.2839,362.8,408.0,24.09,0.0,0
2025-08-26 07:30:00,A1,19.65,73.86,0.2831,370.9,391.5,24.05,0.0,0
2025-08-26 07:40:00,A1,20.61,74.47,0.282,454.4,413.4,24.02,0.0,0
2025-08-26 07:50:00,A1,19.92,75.69,0.2814,480.3,403.1,24.01,0.0,0
2025-08-26 08:00:00,A1,19.5,74.89,0.2809,520.5,403.0,24.0,0.0,0
2025-08-26 08:10:00,A1,19.81,69.68,0.294,496.3,400.0,24.01,1.438,1
2025-08-26 08:20:00,A1,20.27,67.18,0.293,609.9,400.4,24.02,0.0,0
2025-08-26 08:30:00,A1,19.71,73.77,0.2921,616.6,405.2,24.05,0.0,0
2025-08-26 08:40:00,A1,19.6,68.76,0.2915,631.7,411.7,24.09,0.0,0
2025-08-26 08:50:00,A1,20.29,70.61,0.2906,679.9,434.3,24.14,0.0,0
2025-08-26 09:00:00,A1,20.35,68.27,0.2886,653.8,415.8,24.2,0.0,0
2025-08-26 09:10:00,A1,19.97,66.53,0.2874,749.5,422.7,24.28,0.0,0
2025-08-26 09:20:00,A1,20.08,70.72,0.2852,735.2,425.8,24.36,0.0,0
2025-08-26 09:30:00,A1,20.6,70.65,0.2848,752.8,425.0,24.46,0.0,0
2025-08-26 09:40:00,A1,19.69,67.45,0.2832,773.5,424.6,24.56,0.0,0
2025-08-26 09:50:00,A1,19.83,62.88,0.2827,876.8,416.9,24.68,0.0,0
2025-08-26 10:00:00,A1,20.37,66.41,0.282,847.1,439.4,24.8,0.0,0
2025-08-26 10:10:00,A1,20.81,67.71,0.2803,933.0,443.5,24.94,0.0,0
2025-08-26 10:20:00,A1,21.27,63.38,0.2967,890.2,416.8,25.09,1.811,1
2025-08-26 10:30:00,A1,22.13,66.11,0.2954,872.7,423.3,25.24,0.0,0
2025-08-26 10:40:00,A1,21.92,65.1,0.2939,906.2,430.4,25.4,0.0,0
2025-08-26 10:50:00,A1,21.48,65.67,0.2917,990.8,426.1,25.58,0.0,0
2025-08-26 11:00:00,A1,21.75,64.12,0.2893,961.2,439.0,25.76,0.0,0
2025-08-26 11:10:00,A1,21.34,61.3,0.2881,959.8,430.3,25.95,0.0,0
2025-08-26 11:20:00,A1,22.13,65.0,0.2865,989.6,454.5,26.14,0.0,0
2025-08-26 11:30:00,A1,22.17,61.64,0.2848,1006.5,447.8,26.35,0.0,0
2025-08-26 11:40:00,A1,22.75,61.25,0.2837,1029.7,441.0,26.56,0.0,0
2025-08-26 11:50:00,A1,22.28,58.79,0.2829,1042.5,448.5,26.78,0.0,0
2025-08-26 12:00:00,A1,23.31,59.11,0.2813,989.2,450.1,27.0,0.0,0
2025-08-26 12:10:00,A1,24.15,57.58,0.2885,959.3,437.6,27.23,0.885,1
2025-08-26 12:20:00,A1,23.4,58.35,0.2873,983.8,436.5,27.46,0.0,0
2025-08-26 12:30:00,A1,23.94,61.47,0.286,999.3,444.4,27.7,0.0,0
2025-08-26 12:40:00,A1,24.36,54.65,0.2848,955.9,451.5,27.95,0.0,0
2025-08-26 12:50:00,A1,23.96,53.53,0.2824,947.6,446.4,28.2,0.0,0
2025-08-26 13:00:00,A1,24.58,59.06,0.2805,976.2,433.4,28.45,0.0,0
2025-08-26 13:10:00,A1,24.71,55.07,0.2951,952.3,440.2,28.7,1.665,1
2025-08-26 13:20:00,A1,25.02,53.53,0.2936,940.7,446.6,28.96,0.0,0
2025-08-26 13:30:00,A1,24.75,56.34,0.2919,901.1,447.1,29.22,0.0,0
2025-08-26 13:40:00,A1,25.49,52.45,0.2901,899.4,464.0,29.48,0.0,0
2025-08-26 13:50:00,A1,26.04,56.73,0.2891,859.3,437.5,29.74,0.0,0
2025-08-26 14:00:00,A1,26.87,53.86,0.2876,892.7,453.0,30.0,0.0,0
2025-08-26 14:10:00,A1,26.84,50.96,0.2866,874.4,461.2,30.26,0.0,0
2025-08-26 14:20:00,A1,27.81,55.71,0.2851,763.8,467.7,30.52,0.0,0
2025-08-26 14:30:00,A1,26.32,49.66,0.283,765.5,446.5,30.78,0.0,0
2025-08-26 14:40:00,A1,27.57,51.84,0.2808,721.1,453.8,31.04,0.0,0
2025-08-26 14:50:00,A1,27.41,50.46,0.2982,717.8,454.5,31.3,1.97,1
2025-08-26 15:00:00,A1,28.87,52.0,0.2969,704.6,451.6,31.55,0.0,0
2025-08-26 15:10:00,A1,27.32,52.06,0.296,632.1,449.2,31.8,0.0,0
2025-08-26 15:20:00,A1,27.55,48.57,0.2955,615.1,453.4,32.05,0.0,0
2025-08-26 15:30:00,A1,27.94,46.59,0.2945,578.6,429.5,32.3,0.0,0
2025-08-26 15:40:00,A1,27.26,48.63,0.2937,579.8,455.0,32.54,0.0,0
2025-08-26 15:50:00,A1,28.46,45.99,0.2919,539.4,450.3,32.77,0.0,0
2025-08-26 16:00:00,A1,28.54,51.04,0.29,478.3,447.2,33.0,0.0,0
2025-08-26 16:10:00,A1,29.31,46.97,0.289,467.1,465.0,33.22,0.0,0
2025-08-26 16:20:00,A1,29.65,45.67,0.2878,406.2,442.8,33.44,0.0,0
2025-08-26 16:30:00,A1,30.78,46.51,0.2864,374.5,444.5,33.65,0.0,0
2025-08-26 16:40:00,A1,30.43,43.21,0.2852,392.2,463.1,33.86,0.0,0
2025-08-26 16:50:00,A1,29.71,43.75,0.284,340.9,440.0,34.05,0.0,0
2025-08-26 17:00:00,A1,29.7,47.91,0.2835,219.8,441.6,34.24,0.0,0
2025-08-26 17:10:00,A1,30.72,44.04,0.2828,241.3,444.1,34.42,0.0,0
2025-08-26 17:20:00,A1,29.8,43.13,0.2819,198.0,451.3,34.6,0.0,0
2025-08-26 17:30:00,A1,31.86,46.2,0.2812,96.1,445.5,34.76,0.0,0
2025-08-26 17:40:00,A1,31.62,47.43,0.2802,111.7,432.6,34.91,0.0,0
2025-08-26 17:50:00,A1,30.78,46.45,0.2902,89.8,437.9,35.06,1.128,1
2025-08-26 18:00:00,A1,30.17,46.99,0.2896,-33.7,436.4,35.2,0.0,0
2025-08-26 18:10:00,A1,32.13,43.5,0.2879,-27.5,439.6,35.32,0.0,0
2025-08-26 18:20:00,A1,31.37,42.21,0.287,30.5,442.7,35.44,0.0,0
2025-08-26 18:30:00,A1,32.29,48.13,0.2854,8.1,441.6,35.54,0.0,0
2025-08-26 18:40:00,A1,30.68,44.58,0.2847,16.5,423.0,35.64,0.0,0
2025-08-26 18:50:00,A1,31.36,44.85,0.2836,10.2,444.6,35.72,0.0,0
2025-08-26 19:00:00,A1,31.8,48.17,0.2817,11.7,437.0,35.8,0.0,0
2025-08-26 19:10:00,A1,31.89,46.81,0.2809,-39.8,444.9,35.86,0.0,0
2025-08-26 19:20:00,A1,31.64,46.82,0.3027,31.4,436.2,35.91,2.324,1
2025-08-26 19:30:00,A1,32.32,50.47,0.3018,35.1,440.3,35.95,0.0,0
2025-08-26 19:40:00,A1,31.34,45.12,0.3003,-6.9,434.0,35.98,0.0,0
2025-08-26 19:50:00,A1,31.91,48.55,0.2989,-1.3,439.8,35.99,0.0,0
2025-08-26 20:00:00,A1,32.07,47.12,0.2977,-45.9,431.9,36.0,0.0,0
2025-08-26 20:10:00,A1,32.3,47.89,0.297,15.4,425.7,35.99,0.0,0
2025-08-26 20:20:00,A1,32.4,50.77,0.2967,17.2,443.4,35.98,0.0,0
2025-08-26 20:30:00,A1,31.27,49.12,0.2952,-1.9,431.0,35.95,0.0,0
2025-08-26 20:40:00,A1,30.99,49.59,0.2947,33.7,427.2,35.91,0.0,0
2025-08-26 20:50:00,A1,32.62,51.09,0.2925,-10.0,411.1,35.86,0.0,0
2025-08-26 21:00:00,A1,31.99,48.66,0.2908,16.9,409.7,35.8,0.0,0
2025-08-26 21:10:00,A1,31.27,48.19,0.2893,-30.6,421.0,35.72,0.0,0
2025-08-26 21:20:00,A1,32.57,48.27,0.2876,-0.7,418.5,35.64,0.0,0
2025-08-26 21:30:00,A1,31.61,46.94,0.2857,-5.2,411.2,35.54,0.0,0
2025-08-26 21:40:00,A1,32.15,55.51,0.2848,6.8,415.9,35.44,0.0,0
2025-08-26 21:50:00,A1,31.36,49.73,0.2837,-11.1,426.2,35.32,0.0,0
2025-08-26 22:00:00,A1,32.43,52.06,0.2828,-3.9,417.8,35.2,0.0,0
2025-08-26 22:10:00,A1,32.11,52.52,0.282,24.8,401.9,35.06,0.0,0
2025-08-26 22:20:00,A1,30.77,54.28,0.2811,-13.1,408.8,34.91,0.0,0
2025-08-26 22:30:00,A1,31.34,55.89,0.2804,-48.2,402.1,34.76,0.0,0
2025-08-26 22:40:00,A1,30.98,56.59,0.2903,52.5,404.2,34.6,1.103,1
2025-08-26 22:50:00,A1,31.24,54.32,0.289,41.4,402.8,34.42,0.0,0
2025-08-26 23:00:00,A1,29.66,55.78,0.2875,-38.8,401.2,34.24,0.0,0
2025-08-26 23:10:00,A1,30.47,57.32,0.2864,20.7,393.8,34.05,0.0,0
2025-08-26 23:20:00,A1,30.49,56.9,0.285,-15.1,401.8,33.86,0.0,0
2025-08-26 23:30:00,A1,28.6,61.26,0.2838,7.9,397.3,33.65,0.0,0
2025-08-26 23:40:00,A1,28.73,59.67,0.283,8.8,377.3,33.44,0.0,0
2025-08-26 23:50:00,A1,28.0,60.82,0.2823,-7.0,416.2,33.22,0.0,0
2025-08-27 00:00:00,A1,28.84,61.33,0.2809,-23.5,407.5,33.0,0.0,0
2025-08-27 00:10:00,A1,29.2,63.0,0.2954,-20.7,394.9,32.77,1.575,1
2025-08-27 00:20:00,A1,29.44,61.67,0.295,-27.5,397.2,32.54,0.0,0
2025-08-27 00:30:00,A1,28.34,59.36,0.2947,-25.0,386.8,32.3,0.0,0
2025-08-27 00:40:00,A1,29.03,63.4,0.2943,-2.0,409.0,32.05,0.0,0
2025-08-27 00:50:00,A1,26.98,61.94,0.2928,-21.5,409.9,31.8,0.0,0
2025-08-27 01:00:00,A1,26.53,62.83,0.2923,20.5,395.3,31.55,0.0,0
2025-08-27 01:10:00,A1,27.27,65.68,0.2913,44.6,401.6,31.3,0.0,0
2025-08-27 01:20:00,A1,27.27,67.61,0.2902,-17.4,394.2,31.04,0.0,0
2025-08-27 01:30:00,A1,26.76,65.78,0.2894,7.2,381.6,30.78,0.0,0
2025-08-27 01:40:00,A1,25.28,66.96,0.289,15.0,388.5,30.52,0.0,0
2025-08-27 01:50:00,A1,26.21,70.33,0.2884,14.2,392.4,30.26,0.0,0
2025-08-27 02:00:00,A1,25.22,67.98,0.2872,2.3,387.4,30.0,0.0,0
2025-08-27 02:10:00,A1,26.14,73.26,0.2867,22.3,389.0,29.74,0.0,0
2025-08-27 02:20:00,A1,25.7,69.73,0.2855,14.5,389.7,29.48,0.0,0
2025-08-27 02:30:00,A1,24.65,65.61,0.2849,-37.1,389.6,29.22,0.0,0
2025-08-27 02:40:00,A1,24.65,71.15,0.2839,26.1,390.5,28.96,0.0,0
2025-08-27 02:50:00,A1,24.07,70.9,0.283,26.6,381.5,28.7,0.0,0
2025-08-27 03:00:00,A1,24.41,73.19,0.2826,-22.9,384.3,28.45,0.0,0
2025-08-27 03:10:00,A1,24.77,72.41,0.2813,1.1,379.8,28.2,0.0,0
2025-08-27 03:20:00,A1,23.36,71.21,0.2815,20.5,397.9,27.95,0.0,0
2025-08-27 03:30:00,A1,24.01,69.45,0.3036,-6.3,373.4,27.7,2.372,1
2025-08-27 03:40:00,A1,23.15,71.87,0.3026,32.2,399.7,27.46,0.0,0
2025-08-27 03:50:00,A1,22.75,70.95,0.302,70.9,401.8,27.23,0.0,0
2025-08-27 04:00:00,A1,22.94,71.83,0.3016,-23.6,388.6,27.0,0.0,0
2025-08-27 04:10:00,A1,22.16,74.48,0.3009,-41.4,370.6,26.78,0.0,0
2025-08-27 04:20:00,A1,22.23,76.93,0.3001,9.1,388.9,26.56,0.0,0
2025-08-27 04:30:00,A1,21.63,74.65,0.2997,21.6,391.8,26.35,0.0,0
2025-08-27 04:40:00,A1,23.32,71.7,0.2988,-6.9,384.7,26.14,0.0,0
2025-08-27 04:50:00,A1,21.97,75.19,0.2988,43.6,389.3,25.95,0.0,0
2025-08-27 05:00:00,A1,21.34,76.88,0.2986,-40.2,406.3,25.76,0.0,0
2025-08-27 05:10:00,A1,21.7,73.42,0.2984,20.8,400.0,25.58,0.0,0
2025-08-27 05:20:00,A1,21.34,74.5,0.2972,-18.2,388.0,25.4,0.0,0
2025-08-27 05:30:00,A1,21.11,74.9,0.2965,51.6,383.4,25.24,0.0,0
2025-08-27 05:40:00,A1,21.45,73.37,0.2957,59.8,394.4,25.09,0.0,0
2025-08-27 05:50:00,A1,21.39,76.28,0.2945,-23.0,396.2,24.94,0.0,0
2025-08-27 06:00:00,A1,20.49,74.76,0.2941,-16.5,402.8,24.8,0.0,0
2025-08-27 06:10:00,A1,20.33,75.82,0.2932,69.4,395.4,24.68,0.0,0
2025-08-27 06:20:00,A1,20.4,73.17,0.2928,75.5,404.8,24.56,0.0,0
2025-08-27 06:30:00,A1,19.08,74.0,0.2916,129.2,417.2,24.46,0.0,0
2025-08-27 06:40:00,A1,19.45,76.22,0.2918,174.4,409.3,24.36,0.0,0
2025-08-27 06:50:00,A1,21.1,73.9,0.2906,158.8,403.5,24.28,0.0,0
2025-08-27 07:00:00,A1,21.19,77.94,0.2899,258.4,403.5,24.2,0.0,0
2025-08-27 07:10:00,A1,19.99,73.51,0.2895,280.0,403.3,24.14,0.0,0
2025-08-27 07:20:00,A1,20.44,74.54,0.2884,327.2,416.8,24.09,0.0,0
2025-08-27 07:30:00,A1,20.24,75.72,0.288,426.0,403.5,24.05,0.0,0
2025-08-27 07:40:00,A1,21.87,70.76,0.2864,384.9,410.1,24.02,0.0,0
2025-08-27 07:50:00,A1,20.68,69.78,0.2862,486.1,411.4,24.01,0.0,0
2025-08-27 08:00:00,A1,19.92,69.94,0.2853,491.6,408.2,24.0,0.0,0
2025-08-27 08:10:00,A1,19.43,75.18,0.2841,528.9,402.5,24.01,0.0,0
2025-08-27 08:20:00,A1,19.06,71.18,0.283,597.3,417.4,24.02,0.0,0
2025-08-27 08:30:00,A1,20.17,77.02,0.2824,619.0,415.6,24.05,0.0,0
2025-08-27 08:40:00,A1,19.64,70.36,0.2811,659.9,421.4,24.09,0.0,0
2025-08-27 08:50:00,A1,19.29,71.43,0.3044,704.6,414.4,24.14,2.463,1
2025-08-27 09:00:00,A1,19.82,73.69,0.3032,697.2,429.8,24.2,0.0,0
2025-08-27 09:10:00,A1,19.63,74.15,0.3016,718.9,414.3,24.28,0.0,0
2025-08-27 09:20:00,A1,21.37,73.76,0.3014,733.5,436.3,24.36,0.0,0
2025-08-27 09:30:00,A1,20.99,71.55,0.3,768.6,409.9,24.46,0.0,0
2025-08-27 09:40:00,A1,20.56,70.65,0.2992,907.6,428.7,24.56,0.0,0
2025-08-27 09:50:00,A1,21.57,69.24,0.298,880.7,430.3,24.68,0.0,0
2025-08-27 10:00:00,A1,20.85,69.06,0.2964,825.5,421.4,24.8,0.0,0
2025-08-27 10:10:00,A1,20.42,65.82,0.2953,847.3,432.4,24.94,0.0,0
2025-08-27 10:20:00,A1,22.0,64.7,0.2943,920.8,440.5,25.09,0.0,0
2025-08-27 10:30:00,A1,21.56,65.73,0.293,940.3,413.7,25.24,0.0,0
2025-08-27 10:40:00,A1,20.78,64.79,0.2923,956.2,436.7,25.4,0.0,0
2025-08-27 10:50:00,A1,21.46,63.6,0.2916,946.1,413.9,25.58,0.0,0
2025-08-27 11:00:00,A1,21.23,65.28,0.2907,962.2,427.3,25.76,0.0,0
2025-08-27 11:10:00,A1,21.12,65.16,0.2892,986.1,449.2,25.95,0.0,0
2025-08-27 11:20:00,A1,22.7,62.78,0.2873,987.4,432.6,26.14,0.0,0
2025-08-27 11:30:00,A1,23.49,64.91,0.2856,924.9,428.9,26.35,0.0,0
2025-08-27 11:40:00,A1,21.72,59.02,0.2843,989.3,437.7,26.56,0.0,0
2025-08-27 11:50:00,A1,23.11,60.27,0.2832,973.5,456.8,26.78,0.0,0
2025-08-27 12:00:00,A1,22.61,58.57,0.2807,1005.3,426.6,27.0,0.0,0
2025-08-27 12:10:00,A1,22.94,55.61,0.2928,1088.6,433.7,27.23,1.364,1
2025-08-27 12:20:00,A1,23.11,58.53,0.2914,1007.2,455.0,27.46,0.0,0
2025-08-27 12:30:00,A1,23.19,57.8,0.2902,982.0,458.7,27.7,0.0,0
2025-08-27 12:40:00,A1,23.98,60.42,0.2893,1012.5,443.7,27.95,0.0,0
2025-08-27 12:50:00,A1,23.7,58.02,0.2877,990.8,435.4,28.2,0.0,0
2025-08-27 13:00:00,A1,24.61,54.07,0.2866,978.5,462.7,28.45,0.0,0
2025-08-27 13:10:00,A1,24.67,59.2,0.2859,971.9,459.4,28.7,0.0,0
2025-08-27 13:20:00,A1,24.81,57.31,0.285,1001.4,452.6,28.96,0.0,0
2025-08-27 13:30:00,A1,24.67,55.42,0.2829,890.0,441.2,29.22,0.0,0
2025-08-27 13:40:00,A1,25.13,53.21,0.2813,920.5,447.8,29.48,0.0,0
2025-08-27 13:50:00,A1,26.19,51.15,0.2992,859.2,447.3,29.74,1.972,1
2025-08-27 14:00:00,A1,26.3,51.76,0.2979,882.7,451.6,30.0,0.0,0
2025-08-27 14:10:00,A1,25.68,54.12,0.2964,815.8,460.9,30.26,0.0,0
2025-08-27 14:20:00,A1,26.58,55.17,0.2938,806.6,456.6,30.52,0.0,0
2025-08-27 14:30:00,A1,27.23,53.96,0.293,784.5,441.1,30.78,0.0,0
2025-08-27 14:40:00,A1,26.04,49.38,0.2912,795.3,460.9,31.04,0.0,0
2025-08-27 14:50:00,A1,27.62,47.63,0.2896,764.8,452.5,31.3,0.0,0
2025-08-27 15:00:00,A1,27.16,49.68,0.288,669.7,455.5,31.55,0.0,0
2025-08-27 15:10:00,A1,28.15,45.4,0.287,677.2,461.7,31.8,0.0,0
2025-08-27 15:20:00,A1,27.59,49.16,0.2841,621.5,441.0,32.05,0.0,0
2025-08-27 15:30:00,A1,27.21,47.8,0.2827,571.0,449.5,32.3,0.0,0
2025-08-27 15:40:00,A1,27.56,46.78,0.2813,567.1,445.3,32.54,0.0,0
2025-08-27 15:50:00,A1,28.8,44.16,0.2893,528.0,436.7,32.77,0.966,1
2025-08-27 16:00:00,A1,29.16,48.04,0.2886,572.8,451.8,33.0,0.0,0
2025-08-27 16:10:00,A1,28.68,45.63,0.2874,474.7,468.7,33.22,0.0,0
2025-08-27 16:20:00,A1,29.82,44.07,0.2866,381.3,433.5,33.44,0.0,0
2025-08-27 16:30:00,A1,28.66,40.4,0.285,365.7,447.5,33.65,0.0,0
2025-08-27 16:40:00,A1,29.82,45.85,0.2833,372.7,452.3,33.86,0.0,0
2025-08-27 16:50:00,A1,29.33,49.24,0.2825,363.4,447.6,34.05,0.0,0
2025-08-27 17:00:00,A1,29.85,48.83,0.2815,211.2,445.1,34.24,0.0,0
2025-08-27 17:10:00,A1,30.45,44.44,0.2979,160.0,434.9,34.42,1.839,1
2025-08-27 17:20:00,A1,30.08,44.02,0.2964,229.8,446.4,34.6,0.0,0
2025-08-27 17:30:00,A1,30.53,46.07,0.2949,142.2,437.7,34.76,0.0,0
2025-08-27 17:40:00,A1,31.52,43.06,0.2924,61.1,425.5,34.91,0.0,0
2025-08-27 17:50:00,A1,30.71,45.62,0.2915,59.7,451.7,35.06,0.0,0
2025-08-27 18:00:00,A1,31.7,46.53,0.2899,-79.1,448.9,35.2,0.0,0
2025-08-27 18:10:00,A1,30.64,47.47,0.2879,0.1,440.7,35.32,0.0,0
2025-08-27 18:20:00,A1,31.76,44.86,0.2854,9.8,441.1,35.44,0.0,0
2025-08-27 18:30:00,A1,32.41,44.72,0.2847,27.7,446.9,35.54,0.0,0
2025-08-27 18:40:00,A1,30.16,43.47,0.2838,-30.4,439.0,35.64,0.0,0
2025-08-27 18:50:00,A1,31.24,43.7,0.2826,2.6,443.4,35.72,0.0,0
2025-08-27 19:00:00,A1,32.14,45.06,0.2822,-27.8,432.6,35.8,0.0,0
2025-08-27 19:10:00,A1,31.74,46.43,0.2815,7.7,444.3,35.86,0.0,0
2025-08-27 19:20:00,A1,32.13,47.73,0.2812,-26.9,435.2,35.91,0.0,0
2025-08-27 19:30:00,A1,31.59,44.54,0.2894,-12.2,433.0,35.95,0.992,1
2025-08-27 19:40:00,A1,32.03,49.39,0.2883,-29.9,420.1,35.98,0.0,0
2025-08-27 19:50:00,A1,31.9,46.15,0.2871,19.5,431.3,35.99,0.0,0
2025-08-27 20:00:00,A1,32.7,46.97,0.2863,25.8,421.1,36.0,0.0,0
2025-08-27 20:10:00,A1,32.15,45.85,0.2852,-7.0,421.4,35.99,0.0,0
2025-08-27 20:20:00,A1,32.18,42.86,0.2845,1.1,418.7,35.98,0.0,0
2025-08-27 20:30:00,A1,31.7,49.87,0.2838,-43.5,415.4,35.95,0.0,0
2025-08-27 20:40:00,A1,31.62,49.98,0.2838,-9.0,439.6,35.91,0.0,0
2025-08-27 20:50:00,A1,31.6,48.38,0.2826,-1.5,432.0,35.86,0.0,0
2025-08-27 21:00:00,A1,32.03,49.53,0.281,78.6,435.4,35.8,0.0,0
2025-08-27 21:10:00,A1,31.47,50.9,0.2801,-33.4,408.9,35.72,0.0,0
2025-08-27 21:20:00,A1,31.81,47.23,0.2991,43.9,418.0,35.64,2.056,1
2025-08-27 21:30:00,A1,32.79,49.81,0.2977,29.9,405.7,35.54,0.0,0
2025-08-27 21:40:00,A1,31.96,52.98,0.2963,8.4,409.2,35.44,0.0,0
2025-08-27 21:50:00,A1,31.13,49.43,0.2956,52.8,406.2,35.32,0.0,0
2025-08-27 22:00:00,A1,31.92,53.09,0.2944,11.2,422.2,35.2,0.0,0
2025-08-27 22:10:00,A1,30.82,50.36,0.2931,11.7,407.8,35.06,0.0,0
2025-08-27 22:20:00,A1,29.69,54.59,0.2929,-1.6,418.3,34.91,0.0,0
2025-08-27 22:30:00,A1,30.16,54.19,0.2914,36.7,413.4,34.76,0.0,0
2025-08-27 22:40:00,A1,29.47,51.64,0.2905,32.9,425.8,34.6,0.0,0
2025-08-27 22:50:00,A1,30.21,57.82,0.2898,-18.8,394.3,34.42,0.0,0
2025-08-27 23:00:00,A1,30.25,54.65,0.288,-39.6,415.1,34.24,0.0,0
2025-08-27 23:10:00,A1,31.06,55.13,0.2872,-6.1,413.1,34.05,0.0,0
2025-08-27 23:20:00,A1,30.05,57.8,0.2857,-24.0,395.0,33.86,0.0,0
2025-08-27 23:30:00,A1,29.52,60.34,0.2851,-1.9,409.8,33.65,0.0,0
2025-08-27 23:40:00,A1,29.94,56.66,0.2836,37.1,403.4,33.44,0.0,0
2025-08-27 23:50:00,A1,27.9,59.47,0.2831,-13.7,397.9,33.22,0.0,0
2025-08-28 00:00:00,A1,29.14,60.86,0.2827,-1.3,392.2,33.0,0.0,0
2025-08-28 00:10:00,A1,29.23,62.04,0.2821,1.7,392.1,32.77,0.0,0
2025-08-28 00:20:00,A1,27.65,61.66,0.2813,25.5,413.4,32.54,0.0,0
2025-08-28 00:30:00,A1,28.98,61.22,0.2803,-67.4,396.2,32.3,0.0,0
2025-08-28 00:40:00,A1,28.26,60.95,0.3039,-18.2,401.7,32.05,2.476,1
2025-08-28 00:50:00,A1,27.56,63.42,0.3037,6.3,388.4,31.8,0.0,0
2025-08-28 01:00:00,A1,27.93,61.74,0.3024,36.0,387.8,31.55,0.0,0
2025-08-28 01:10:00,A1,28.66,58.67,0.3009,-14.8,402.0,31.3,0.0,0
2025-08-28 01:20:00,A1,27.15,66.0,0.3004,-56.3,382.0,31.04,0.0,0
2025-08-28 01:30:00,A1,26.93,67.55,0.2991,18.6,389.0,30.78,0.0,0
2025-08-28 01:40:00,A1,26.25,61.61,0.2978,-19.1,392.1,30.52,0.0,0
2025-08-28 01:50:00,A1,25.75,64.91,0.2963,-35.7,392.3,30.26,0.0,0
2025-08-28 02:00:00,A1,26.5,68.74,0.2952,-18.7,389.6,30.0,0.0,0
2025-08-28 02:10:00,A1,25.22,72.17,0.2944,-5.5,393.9,29.74,0.0,0
2025-08-28 02:20:00,A1,25.52,68.65,0.2937,-18.1,396.0,29.48,0.0,0
2025-08-28 02:30:00,A1,24.93,67.68,0.2934,-66.2,396.1,29.22,0.0,0
2025-08-28 02:40:00,A1,25.25,69.28,0.2929,26.9,382.2,28.96,0.0,0
2025-08-28 02:50:00,A1,24.9,72.88,0.2919,38.2,387.8,28.7,0.0,0
2025-08-28 03:00:00,A1,25.07,69.31,0.291,19.5,399.6,28.45,0.0,0
2025-08-28 03:10:00,A1,23.89,69.46,0.2905,-34.1,397.2,28.2,0.0,0
2025-08-28 03:20:00,A1,23.79,70.53,0.2904,-6.0,379.1,27.95,0.0,0
2025-08-28 03:30:00,A1,23.12,69.99,0.2898,-0.2,393.1,27.7,0.0,0
2025-08-28 03:40:00,A1,23.2,72.53,0.2888,18.0,374.6,27.46,0.0,0
2025-08-28 03:50:00,A1,23.46,75.9,0.2875,20.1,391.1,27.23,0.0,0
2025-08-28 04:00:00,A1,23.45,73.64,0.2861,-22.0,406.2,27.0,0.0,0
2025-08-28 04:10:00,A1,22.22,72.8,0.2857,2.5,383.8,26.78,0.0,0
2025-08-28 04:20:00,A1,23.08,73.01,0.2853,13.7,385.1,26.56,0.0,0
2025-08-28 04:30:00,A1,23.16,70.73,0.2848,43.7,398.4,26.35,0.0,0
2025-08-28 04:40:00,A1,22.39,75.86,0.2841,21.1,380.5,26.14,0.0,0
2025-08-28 04:50:00,A1,23.07,74.15,0.284,23.7,388.3,25.95,0.0,0
2025-08-28 05:00:00,A1,21.29,74.13,0.2831,2.5,398.8,25.76,0.0,0
2025-08-28 05:10:00,A1,20.83,81.03,0.2829,42.3,389.6,25.58,0.0,0
2025-08-28 05:20:00,A1,20.34,75.37,0.2823,12.3,393.5,25.4,0.0,0
2025-08-28 05:30:00,A1,22.14,73.37,0.2813,-25.8,402.2,25.24,0.0,0
2025-08-28 05:40:00,A1,21.48,74.09,0.2809,42.1,400.4,25.09,0.0,0
2025-08-28 05:50:00,A1,20.91,77.28,0.2805,20.9,400.0,24.94,0.0,0
2025-08-28 06:00:00,A1,20.97,75.23,0.28,-13.3,396.1,24.8,0.0,0
2025-08-28 06:10:00,A1,20.0,72.11,0.2875,29.2,402.7,24.68,0.8,1
2025-08-28 06:20:00,A1,22.03,76.78,0.2867,96.1,399.7,24.56,0.0,0
2025-08-28 06:30:00,A1,20.53,73.54,0.2872,144.4,405.4,24.46,0.0,0
2025-08-28 06:40:00,A1,20.43,78.52,0.287,179.6,398.8,24.36,0.0,0
2025-08-28 06:50:00,A1,20.71,76.8,0.2866,225.8,402.4,24.28,0.0,0
2025-08-28 07:00:00,A1,20.49,73.59,0.2859,309.8,397.1,24.2,0.0,0
2025-08-28 07:10:00,A1,20.28,76.87,0.2856,332.9,405.9,24.14,0.0,0
2025-08-28 07:20:00,A1,19.62,74.23,0.285,347.7,400.8,24.09,0.0,0
2025-08-28 07:30:00,A1,20.33,75.56,0.2842,410.9,399.6,24.05,0.0,0
2025-08-28 07:40:00,A1,21.15,74.56,0.2831,391.6,411.8,24.02,0.0,0
2025-08-28 07:50:00,A1,20.81,71.61,0.2821,473.7,412.7,24.01,0.0,0
2025-08-28 08:00:00,A1,20.96,71.7,0.2983,554.3,418.5,24.0,1.869,1
2025-08-28 08:10:00,A1,19.7,74.71,0.2981,530.8,410.1,24.01,0.0,0
2025-08-28 08:20:00,A1,19.43,71.62,0.2972,548.1,418.1,24.02,0.0,0
2025-08-28 08:30:00,A1,19.98,71.09,0.2957,589.2,420.5,24.05,0.0,0
2025-08-28 08:40:00,A1,20.12,69.58,0.2947,610.1,420.9,24.09,0.0,0
2025-08-28 08:50:00,A1,20.8,71.91,0.2931,652.0,412.1,24.14,0.0,0
2025-08-28 09:00:00,A1,19.19,74.73,0.2923,696.0,421.2,24.2,0.0,0
2025-08-28 09:10:00,A1,21.2,68.0,0.2914,695.1,424.2,24.28,0.0,0
2025-08-28 09:20:00,A1,20.27,69.69,0.2908,766.5,422.7,24.36,0.0,0
2025-08-28 09:30:00,A1,20.2,71.96,0.2893,820.4,407.2,24.46,0.0,0
2025-08-28 09:40:00,A1,19.95,68.44,0.2882,791.9,426.5,24.56,0.0,0
2025-08-28 09:50:00,A1,19.69,68.96,0.2864,889.0,444.2,24.68,0.0,0
2025-08-28 10:00:00,A1,21.3,65.38,0.2855,881.3,424.9,24.8,0.0,0
2025-08-28 10:10:00,A1,20.98,67.78,0.2845,917.9,423.2,24.94,0.0,0
2025-08-28 10:20:00,A1,20.31,65.96,0.2836,886.6,433.2,25.09,0.0,0
2025-08-28 10:30:00,A1,20.46,67.71,0.2824,949.5,434.0,25.24,0.0,0
2025-08-28 10:40:00,A1,21.2,67.51,0.2814,906.9,442.2,25.4,0.0,0
2025-08-28 10:50:00,A1,22.58,69.69,0.2808,980.4,423.8,25.58,0.0,0
2025-08-28 11:00:00,A1,21.6,65.04,0.2953,971.1,440.9,25.76,1.594,1
2025-08-28 11:10:00,A1,21.04,63.9,0.2936,992.9,440.8,25.95,0.0,0
2025-08-28 11:20:00,A1,22.0,62.99,0.2923,949.5,436.1,26.14,0.0,0
2025-08-28 11:30:00,A1,22.18,61.25,0.2915,964.6,441.0,26.35,0.0,0
2025-08-28 11:40:00,A1,20.94,61.98,0.2901,1014.1,447.5,26.56,0.0,0
2025-08-28 11:50:00,A1,22.74,60.06,0.2886,970.6,447.2,26.78,0.0,0
2025-08-28 12:00:00,A1,22.86,60.34,0.2869,1013.9,432.1,27.0,0.0,0
2025-08-28 12:10:00,A1,23.65,61.98,0.2852,958.0,448.7,27.23,0.0,0
2025-08-28 12:20:00,A1,24.57,56.68,0.2838,1021.6,442.5,27.46,0.0,0
2025-08-28 12:30:00,A1,24.38,60.32,0.2815,954.5,444.4,27.7,0.0,0
2025-08-28 12:40:00,A1,23.79,60.03,0.2807,1001.4,445.2,27.95,0.0,0
2025-08-28 12:50:00,A1,23.53,56.52,0.2886,995.1,444.1,28.2,0.971,1
2025-08-28 13:00:00,A1,25.99,51.87,0.2873,945.0,455.5,28.45,0.0,0
2025-08-28 13:10:00,A1,24.74,54.27,0.2861,971.2,445.9,28.7,0.0,0
2025-08-28 13:20:00,A1,24.97,57.46,0.2847,947.5,438.2,28.96,0.0,0
2025-08-28 13:30:00,A1,25.2,54.21,0.2827,907.7,444.6,29.22,0.0,0
2025-08-28 13:40:00,A1,25.6,51.66,0.2812,876.1,449.6,29.48,0.0,0
2025-08-28 13:50:00,A1,25.65,52.06,0.2993,828.1,458.4,29.74,2.018,1
2025-08-28 14:00:00,A1,25.66,54.18,0.2976,876.5,453.8,30.0,0.0,0
2025-08-28 14:10:00,A1,25.93,53.03,0.2961,796.4,442.5,30.26,0.0,0
2025-08-28 14:20:00,A1,26.5,50.92,0.2941,822.0,469.4,30.52,0.0,0
2025-08-28 14:30:00,A1,26.46,50.13,0.2929,785.4,451.9,30.78,0.0,0
2025-08-28 14:40:00,A1,26.61,49.57,0.2913,786.4,460.1,31.04,0.0,0
2025-08-28 14:50:00,A1,27.36,48.02,0.2886,728.2,448.8,31.3,0.0,0
2025-08-28 15:00:00,A1,27.4,52.62,0.2875,697.2,454.3,31.55,0.0,0
2025-08-28 15:10:00,A1,28.71,48.3,0.2859,697.5,456.7,31.8,0.0,0
2025-08-28 15:20:00,A1,26.46,50.94,0.2851,652.8,459.6,32.05,0.0,0
2025-08-28 15:30:00,A1,28.95,51.14,0.283,618.2,458.2,32.3,0.0,0
2025-08-28 15:40:00,A1,29.28,49.71,0.3015,587.7,456.5,32.54,2.164,1
2025-08-28 15:50:00,A1,27.53,46.49,0.2993,491.2,446.8,32.77,0.0,0
2025-08-28 16:00:00,A1,28.79,47.82,0.2973,522.7,444.4,33.0,0.0,0
2025-08-28 16:10:00,A1,29.0,46.65,0.2973,480.1,451.3,33.22,0.0,0
2025-08-28 16:20:00,A1,28.6,44.6,0.2958,392.1,455.7,33.44,0.0,0
2025-08-28 16:30:00,A1,29.19,46.79,0.2949,375.4,445.9,33.65,0.0,0
2025-08-28 16:40:00,A1,29.19,43.55,0.2933,340.8,455.7,33.86,0.0,0
2025-08-28 16:50:00,A1,31.1,48.07,0.2909,296.7,458.2,34.05,0.0,0
2025-08-28 17:00:00,A1,30.8,44.58,0.2895,268.8,438.7,34.24,0.0,0
2025-08-28 17:10:00,A1,31.19,45.76,0.288,259.4,438.6,34.42,0.0,0
2025-08-28 17:20:00,A1,31.03,45.79,0.2865,206.1,443.5,34.6,0.0,0
2025-08-28 17:30:00,A1,30.08,44.61,0.2854,91.2,446.3,34.76,0.0,0
2025-08-28 17:40:00,A1,30.6,46.23,0.2844,105.8,438.8,34.91,0.0,0
2025-08-28 17:50:00,A1,31.35,44.06,0.2832,83.5,452.9,35.06,0.0,0
2025-08-28 18:00:00,A1,30.46,46.74,0.2815,11.6,444.6,35.2,0.0,0
2025-08-28 18:10:00,A1,31.75,42.32,0.2807,32.7,440.6,35.32,0.0,0
2025-08-28 18:20:00,A1,31.29,45.31,0.2907,60.4,427.8,35.44,1.213,1
2025-08-28 18:30:00,A1,31.32,49.01,0.2899,30.7,427.7,35.54,0.0,0
2025-08-28 18:40:00,A1,32.06,43.23,0.2887,7.5,439.5,35.64,0.0,0
2025-08-28 18:50:00,A1,31.99,44.0,0.2869,31.4,419.1,35.72,0.0,0
2025-08-28 19:00:00,A1,31.58,46.54,0.2855,4.3,443.1,35.8,0.0,0
2025-08-28 19:10:00,A1,32.55,46.05,0.2843,0.7,432.6,35.86,0.0,0
2025-08-28 19:20:00,A1,31.26,46.61,0.2824,-10.5,458.6,35.91,0.0,0
2025-08-28 19:30:00,A1,32.32,47.12,0.2809,46.9,449.9,35.95,0.0,0
2025-08-28 19:40:00,A1,32.33,47.67,0.2802,-24.6,428.8,35.98,0.0,0
2025-08-28 19:50:00,A1,31.81,48.91,0.2961,46.0,428.2,35.99,1.627,1
2025-08-28 20:00:00,A1,32.2,47.83,0.2947,15.0,435.7,36.0,0.0,0
2025-08-28 20:10:00,A1,31.24,46.87,0.2941,-42.0,440.1,35.99,0.0,0
2025-08-28 20:20:00,A1,32.53,49.06,0.2925,11.0,412.1,35.98,0.0,0
2025-08-28 20:30:00,A1,31.84,51.9,0.2917,-63.0,409.6,35.95,0.0,0
2025-08-28 20:40:00,A1,31.6,48.24,0.2905,18.8,417.6,35.91,0.0,0
2025-08-28 20:50:00,A1,32.49,46.99,0.29,26.6,426.0,35.86,0.0,0
2025-08-28 21:00:00,A1,31.37,51.61,0.2885,-17.8,424.0,35.8,0.0,0
2025-08-28 21:10:00,A1,30.88,49.63,0.2878,3.7,427.2,35.72,0.0,0
2025-08-28 21:20:00,A1,30.7,46.01,0.2866,58.6,407.8,35.64,0.0,0
2025-08-28 21:30:00,A1,31.91,52.56,0.2855,-15.2,397.6,35.54,0.0,0
2025-08-28 21:40:00,A1,30.67,50.33,0.2844,-31.8,421.7,35.44,0.0,0
2025-08-28 21:50:00,A1,32.37,51.76,0.2828,44.4,406.9,35.32,0.0,0
2025-08-28 22:00:00,A1,29.95,53.16,0.2817,58.9,396.1,35.2,0.0,0
2025-08-28 22:10:00,A1,32.08,53.45,0.2806,0.1,412.1,35.06,0.0,0
2025-08-28 22:20:00,A1,31.04,55.08,0.2797,30.3,416.1,34.91,0.0,0
2025-08-28 22:30:00,A1,30.7,53.39,0.2959,40.2,407.5,34.76,1.818,1
2025-08-28 22:40:00,A1,30.27,55.9,0.2951,-22.3,403.7,34.6,0.0,0
2025-08-28 22:50:00,A1,30.66,54.97,0.2939,-14.6,404.9,34.42,0.0,0
2025-08-28 23:00:00,A1,30.22,57.6,0.2929,36.9,402.0,34.24,0.0,0
2025-08-28 23:10:00,A1,30.72,57.98,0.2919,50.6,393.1,34.05,0.0,0
2025-08-28 23:20:00,A1,29.93,55.52,0.2916,16.9,397.1,33.86,0.0,0
2025-08-28 23:30:00,A1,29.74,60.21,0.2902,-26.4,405.9,33.65,0.0,0
2025-08-28 23:40:00,A1,29.22,57.62,0.289,59.6,403.3,33.44,0.0,0
2025-08-28 23:50:00,A1,29.19,60.96,0.2876,-15.9,401.1,33.22,0.0,0
2025-08-29 00:00:00,A1,29.18,60.73,0.2859,-10.1,390.8,33.0,0.0,0
2025-08-29 00:10:00,A1,27.74,64.33,0.2851,10.3,396.4,32.77,0.0,0
2025-08-29 00:20:00,A1,27.73,60.86,0.285,46.6,379.6,32.54,0.0,0
2025-08-29 00:30:00,A1,28.74,61.26,0.2839,25.6,397.6,32.3,0.0,0
2025-08-29 00:40:00,A1,28.15,62.57,0.2825,12.4,406.9,32.05,0.0,0
2025-08-29 00:50:00,A1,27.69,62.64,0.2817,13.9,382.9,31.8,0.0,0
2025-08-29 01:00:00,A1,27.56,65.48,0.2811,1.3,389.3,31.55,0.0,0
2025-08-29 01:10:00,A1,27.51,61.28,0.2801,16.7,396.0,31.3,0.0,0
2025-08-29 01:20:00,A1,26.72,63.02,0.2872,-75.9,402.8,31.04,0.717,1
2025-08-29 01:30:00,A1,26.32,63.6,0.2865,-8.9,388.7,30.78,0.0,0
2025-08-29 01:40:00,A1,26.64,68.24,0.2858,7.2,386.3,30.52,0.0,0
2025-08-29 01:50:00,A1,25.67,70.35,0.285,-34.5,375.6,30.26,0.0,0
2025-08-29 02:00:00,A1,26.24,67.29,0.2835,11.6,391.8,30.0,0.0,0
2025-08-29 02:10:00,A1,24.72,67.72,0.2839,-6.1,407.0,29.74,0.0,0
2025-08-29 02:20:00,A1,26.09,68.74,0.2829,52.7,392.7,29.48,0.0,0
2025-08-29 02:30:00,A1,25.5,71.46,0.2821,47.2,390.1,29.22,0.0,0
2025-08-29 02:40:00,A1,25.11,67.79,0.2816,-14.0,392.7,28.96,0.0,0
2025-08-29 02:50:00,A1,25.29,70.61,0.2805,-4.5,389.9,28.7,0.0,0
2025-08-29 03:00:00,A1,25.45,72.56,0.2884,-2.2,383.5,28.45,0.875,1
2025-08-29 03:10:00,A1,24.8,72.06,0.2873,-13.5,396.6,28.2,0.0,0
2025-08-29 03:20:00,A1,22.84,71.87,0.2868,5.9,391.9,27.95,0.0,0
2025-08-29 03:30:00,A1,22.94,73.9,0.286,-22.7,390.4,27.7,0.0,0
2025-08-29 03:40:00,A1,23.09,66.88,0.2854,-33.9,382.7,27.46,0.0,0
2025-08-29 03:50:00,A1,23.25,74.01,0.2841,18.7,401.1,27.23,0.0,0
2025-08-29 04:00:00,A1,23.31,71.68,0.283,18.9,396.3,27.0,0.0,0
2025-08-29 04:10:00,A1,22.34,69.64,0.2816,-24.1,387.0,26.78,0.0,0
2025-08-29 04:20:00,A1,22.67,74.62,0.2805,26.9,399.8,26.56,0.0,0
2025-08-29 04:30:00,A1,21.89,76.61,0.2786,-18.9,388.3,26.35,0.0,0
2025-08-29 04:40:00,A1,21.78,73.82,0.2856,7.6,386.6,26.14,0.784,1
2025-08-29 04:50:00,A1,21.1,76.21,0.285,24.6,387.3,25.95,0.0,0
2025-08-29 05:00:00,A1,21.2,77.71,0.2841,-1.0,379.9,25.76,0.0,0
2025-08-29 05:10:00,A1,20.77,77.27,0.285,13.6,398.5,25.58,0.0,0
2025-08-29 05:20:00,A1,20.82,78.05,0.2851,-15.5,380.8,25.4,0.0,0
2025-08-29 05:30:00,A1,21.87,76.36,0.2838,-5.9,386.4,25.24,0.0,0
2025-08-29 05:40:00,A1,20.52,75.09,0.2833,-6.2,380.4,25.09,0.0,0
2025-08-29 05:50:00,A1,22.52,71.78,0.2823,-22.4,397.2,24.94,0.0,0
2025-08-29 06:00:00,A1,21.1,74.51,0.2811,-5.3,397.6,24.8,0.0,0
2025-08-29 06:10:00,A1,20.79,73.3,0.3042,-2.8,397.1,24.68,2.44,1
2025-08-29 06:20:00,A1,20.05,79.28,0.3038,72.4,392.4,24.56,0.0,0
2025-08-29 06:30:00,A1,20.88,74.52,0.3028,122.0,392.4,24.46,0.0,0
2025-08-29 06:40:00,A1,20.02,75.02,0.3025,166.0,406.5,24.36,0.0,0
2025-08-29 06:50:00,A1,20.35,75.75,0.3023,209.2,399.5,24.28,0.0,0
2025-08-29 07:00:00,A1,21.74,74.58,0.3021,257.0,407.5,24.2,0.0,0
2025-08-29 07:10:00,A1,20.08,77.7,0.3009,315.1,399.1,24.14,0.0,0
2025-08-29 07:20:00,A1,20.78,72.85,0.3003,368.3,408.8,24.09,0.0,0
2025-08-29 07:30:00,A1,19.63,74.25,0.2998,363.2,418.9,24.05,0.0,0
2025-08-29 07:40:00,A1,20.0,72.11,0.2987,386.5,414.4,24.02,0.0,0
2025-08-29 07:50:00,A1,21.07,70.67,0.2974,430.5,407.7,24.01,0.0,0
2025-08-29 08:00:00,A1,19.62,71.77,0.2973,485.4,414.3,24.0,0.0,0
2025-08-29 08:10:00,A1,21.09,72.58,0.2965,526.7,411.6,24.01,0.0,0
2025-08-29 08:20:00,A1,20.45,71.43,0.2958,550.5,414.9,24.02,0.0,0
2025-08-29 08:30:00,A1,19.71,70.52,0.2945,569.9,413.5,24.05,0.0,0
2025-08-29 08:40:00,A1,20.47,68.68,0.2929,629.1,416.1,24.09,0.0,0
2025-08-29 08:50:00,A1,20.73,70.89,0.2915,681.0,420.4,24.14,0.0,0
2025-08-29 09:00:00,A1,20.58,67.6,0.2904,725.0,412.1,24.2,0.0,0
2025-08-29 09:10:00,A1,19.34,71.65,0.2888,720.6,413.2,24.28,0.0,0
2025-08-29 09:20:00,A1,19.93,69.81,0.2878,753.7,411.5,24.36,0.0,0
2025-08-29 09:30:00,A1,20.31,66.22,0.2858,765.6,411.1,24.46,0.0,0
2025-08-29 09:40:00,A1,20.52,67.99,0.2841,818.2,415.5,24.56,0.0,0
2025-08-29 09:50:00,A1,21.05,66.56,0.2833,817.9,427.8,24.68,0.0,0
2025-08-29 10:00:00,A1,20.91,68.14,0.2824,883.2,420.6,24.8,0.0,0
2025-08-29 10:10:00,A1,20.14,69.61,0.2811,833.4,433.1,24.94,0.0,0
2025-08-29 10:20:00,A1,21.31,62.59,0.2874,895.5,430.5,25.09,0.803,1
2025-08-29 10:30:00,A1,21.61,65.97,0.2864,932.9,415.7,25.24,0.0,0
2025-08-29 10:40:00,A1,21.74,64.81,0.2856,945.2,437.9,25.4,0.0,0
2025-08-29 10:50:00,A1,22.22,65.85,0.2839,1034.5,440.3,25.58,0.0,0
2025-08-29 11:00:00,A1,22.26,64.31,0.282,976.4,427.0,25.76,0.0,0
2025-08-29 11:10:00,A1,22.22,61.74,0.2808,946.2,439.5,25.95,0.0,0
2025-08-29 11:20:00,A1,22.1,61.97,0.3037,981.9,430.4,26.14,2.472,1
2025-08-29 11:30:00,A1,21.35,60.37,0.3022,938.2,439.0,26.35,0.0,0
2025-08-29 11:40:00,A1,22.82,63.46,0.3015,993.8,429.2,26.56,0.0,0
2025-08-29 11:50:00,A1,22.9,60.7,0.3005,974.1,425.9,26.78,0.0,0
2025-08-29 12:00:00,A1,23.16,63.8,0.2991,1027.5,438.2,27.0,0.0,0
2025-08-29 12:10:00,A1,22.46,59.22,0.297,982.6,441.1,27.23,0.0,0
2025-08-29 12:20:00,A1,22.82,57.28,0.2957,992.7,439.8,27.46,0.0,0
2025-08-29 12:30:00,A1,24.34,55.01,0.2947,972.4,434.3,27.7,0.0,0
2025-08-29 12:40:00,A1,23.92,53.79,0.293,1037.0,441.4,27.95,0.0,0
2025-08-29 12:50:00,A1,24.6,53.59,0.2921,966.7,447.5,28.2,0.0,0
2025-08-29 13:00:00,A1,24.46,56.65,0.2912,1020.9,445.6,28.45,0.0,0
2025-08-29 13:10:00,A1,24.72,56.51,0.2905,978.1,448.1,28.7,0.0,0
2025-08-29 13:20:00,A1,25.52,51.71,0.289,954.2,441.8,28.96,0.0,0
2025-08-29 13:30:00,A1,24.91,56.05,0.2878,934.9,457.1,29.22,0.0,0
2025-08-29 13:40:00,A1,25.53,52.69,0.2869,918.1,438.8,29.48,0.0,0
2025-08-29 13:50:00,A1,25.46,53.37,0.2856,829.2,452.5,29.74,0.0,0
2025-08-29 14:00:00,A1,25.74,55.72,0.2838,857.7,458.4,30.0,0.0,0
2025-08-29 14:10:00,A1,26.08,53.73,0.282,868.7,453.1,30.26,0.0,0
2025-08-29 14:20:00,A1,26.66,50.86,0.2806,817.7,447.9,30.52,0.0,0
2025-08-29 14:30:00,A1,26.5,49.09,0.2838,751.2,445.5,30.78,0.536,1
2025-08-29 14:40:00,A1,27.8,46.05,0.2821,764.5,458.2,31.04,0.0,0
2025-08-29 14:50:00,A1,26.76,48.43,0.2811,788.4,438.6,31.3,0.0,0
2025-08-29 15:00:00,A1,27.44,48.97,0.2967,744.5,442.2,31.55,1.827,1
2025-08-29 15:10:00,A1,27.54,46.97,0.295,673.7,446.8,31.8,0.0,0
2025-08-29 15:20:00,A1,28.92,48.25,0.2937,671.3,459.8,32.05,0.0,0
2025-08-29 15:30:00,A1,28.41,48.25,0.2922,597.8,452.8,32.3,0.0,0
2025-08-29 15:40:00,A1,29.15,47.26,0.2913,522.5,441.8,32.54,0.0,0
2025-08-29 15:50:00,A1,27.88,46.05,0.2904,509.6,446.8,32.77,0.0,0
2025-08-29 16:00:00,A1,29.16,47.35,0.2882,546.9,444.1,33.0,0.0,0
2025-08-29 16:10:00,A1,29.76,47.58,0.2871,453.5,442.9,33.22,0.0,0
2025-08-29 16:20:00,A1,29.49,44.22,0.2856,415.3,456.0,33.44,0.0,0
2025-08-29 16:30:00,A1,30.29,48.96,0.2842,373.7,436.7,33.65,0.0,0
2025-08-29 16:40:00,A1,29.55,45.71,0.2825,399.1,460.1,33.86,0.0,0
2025-08-29 16:50:00,A1,30.9,45.73,0.282,349.5,453.2,34.05,0.0,0
2025-08-29 17:00:00,A1,31.62,46.93,0.2811,325.4,454.7,34.24,0.0,0
2025-08-29 17:10:00,A1,30.21,45.82,0.2884,211.7,441.6,34.42,0.89,1
2025-08-29 17:20:00,A1,30.33,47.13,0.2865,182.5,443.4,34.6,0.0,0
2025-08-29 17:30:00,A1,31.63,45.7,0.2855,85.0,432.3,34.76,0.0,0
2025-08-29 17:40:00,A1,31.86,43.83,0.2849,131.5,438.8,34.91,0.0,0
2025-08-29 17:50:00,A1,30.75,45.74,0.2843,8.6,446.1,35.06,0.0,0
2025-08-29 18:00:00,A1,30.94,42.71,0.2837,6.5,451.6,35.2,0.0,0
2025-08-29 18:10:00,A1,31.15,45.23,0.2828,-32.9,431.4,35.32,0.0,0
2025-08-29 18:20:00,A1,30.63,44.99,0.2811,-17.7,436.4,35.44,0.0,0
2025-08-29 18:30:00,A1,30.99,44.71,0.28,-25.1,437.1,35.54,0.0,0
2025-08-29 18:40:00,A1,31.04,44.97,0.2795,-18.2,426.0,35.64,0.0,0
2025-08-29 18:50:00,A1,31.26,41.59,0.302,-16.2,440.8,35.72,2.403,1
2025-08-29 19:00:00,A1,31.77,44.41,0.3008,-16.4,429.2,35.8,0.0,0
2025-08-29 19:10:00,A1,32.0,45.88,0.3001,25.0,432.3,35.86,0.0,0
2025-08-29 19:20:00,A1,32.84,46.22,0.2989,-33.1,429.1,35.91,0.0,0
2025-08-29 19:30:00,A1,31.35,44.09,0.2976,6.6,425.2,35.95,0.0,0
2025-08-29 19:40:00,A1,32.57,48.94,0.2969,36.5,430.2,35.98,0.0,0
2025-08-29 19:50:00,A1,31.87,44.96,0.296,-15.4,427.3,35.99,0.0,0
2025-08-29 20:00:00,A1,31.97,48.95,0.2947,-21.5,424.8,36.0,0.0,0
2025-08-29 20:10:00,A1,32.4,48.2,0.2941,-6.9,420.7,35.99,0.0,0
2025-08-29 20:20:00,A1,31.3,46.42,0.2927,35.4,427.8,35.98,0.0,0
2025-08-29 20:30:00,A1,32.18,51.65,0.2912,5.8,437.1,35.95,0.0,0
2025-08-29 20:40:00,A1,32.01,46.12,0.2888,-15.9,423.7,35.91,0.0,0
2025-08-29 20:50:00,A1,32.15,50.78,0.2874,14.5,429.3,35.86,0.0,0
2025-08-29 21:00:00,A1,31.97,51.39,0.287,-33.1,408.9,35.8,0.0,0
2025-08-29 21:10:00,A1,33.2,48.52,0.2848,20.4,420.0,35.72,0.0,0
2025-08-29 21:20:00,A1,31.26,53.14,0.2833,12.3,408.6,35.64,0.0,0
2025-08-29 21:30:00,A1,31.22,50.37,0.2825,-9.2,404.3,35.54,0.0,0
2025-08-29 21:40:00,A1,31.06,51.97,0.2803,-25.2,408.9,35.44,0.0,0
2025-08-29 21:50:00,A1,30.99,52.46,0.2975,-26.6,423.0,35.32,1.841,1
2025-08-29 22:00:00,A1,30.81,52.23,0.297,16.0,419.8,35.2,0.0,0
2025-08-29 22:10:00,A1,31.77,54.7,0.2954,36.9,412.9,35.06,0.0,0
2025-08-29 22:20:00,A1,31.77,55.25,0.2939,-19.1,397.5,34.91,0.0,0
2025-08-29 22:30:00,A1,30.42,50.76,0.2929,13.8,406.9,34.76,0.0,0
2025-08-29 22:40:00,A1,30.1,57.48,0.2921,-62.6,409.7,34.6,0.0,0
2025-08-29 22:50:00,A1,30.71,52.16,0.292,-17.5,407.6,34.42,0.0,0
2025-08-29 23:00:00,A1,29.91,58.18,0.2915,-0.9,390.2,34.24,0.0,0
2025-08-29 23:10:00,A1,30.43,59.01,0.2906,-27.3,396.8,34.05,0.0,0
2025-08-29 23:20:00,A1,29.98,55.21,0.2894,-28.1,402.3,33.86,0.0,0
2025-08-29 23:30:00,A1,28.74,57.22,0.29,-20.0,406.0,33.65,0.0,0
2025-08-29 23:40:00,A1,30.37,56.48,0.2893,8.8,383.1,33.44,0.0,0
2025-08-29 23:50:00,A1,30.3,58.92,0.288,-5.6,398.4,33.22,0.0,0
2025-08-30 00:00:00,A1,28.63,59.38,0.287,-67.1,399.9,33.0,0.0,0
2025-08-30 00:10:00,A1,28.54,62.21,0.2857,-63.6,404.7,32.77,0.0,0
2025-08-30 00:20:00,A1,28.71,63.93,0.2835,-18.2,402.6,32.54,0.0,0
2025-08-30 00:30:00,A1,28.5,64.75,0.2827,13.7,400.9,32.3,0.0,0
2025-08-30 00:40:00,A1,28.45,61.48,0.2828,-82.4,389.0,32.05,0.0,0
2025-08-30 00:50:00,A1,29.01,62.83,0.281,-15.0,379.4,31.8,0.0,0
2025-08-30 01:00:00,A1,27.45,60.52,0.2801,-15.8,390.9,31.55,0.0,0
2025-08-30 01:10:00,A1,26.82,62.9,0.2931,41.7,401.4,31.3,1.421,1
2025-08-30 01:20:00,A1,26.21,67.06,0.2925,-11.6,404.0,31.04,0.0,0
2025-08-30 01:30:00,A1,26.34,68.97,0.2912,11.5,398.0,30.78,0.0,0
2025-08-30 01:40:00,A1,26.5,63.87,0.2899,4.2,395.2,30.52,0.0,0
2025-08-30 01:50:00,A1,27.34,65.74,0.2897,-63.9,394.4,30.26,0.0,0
2025-08-30 02:00:00,A1,25.69,67.45,0.2895,23.0,386.6,30.0,0.0,0
2025-08-30 02:10:00,A1,25.87,68.62,0.2885,6.5,389.7,29.74,0.0,0
2025-08-30 02:20:00,A1,25.47,66.98,0.2883,15.2,403.8,29.48,0.0,0
2025-08-30 02:30:00,A1,25.93,69.98,0.2873,117.8,382.7,29.22,0.0,0
2025-08-30 02:40:00,A1,26.47,68.69,0.2863,-62.5,403.0,28.96,0.0,0
2025-08-30 02:50:00,A1,24.38,70.1,0.2855,51.7,387.5,28.7,0.0,0
2025-08-30 03:00:00,A1,24.15,71.7,0.2849,-8.6,400.6,28.45,0.0,0
2025-08-30 03:10:00,A1,24.82,71.07,0.2838,8.6,378.8,28.2,0.0,0
2025-08-30 03:20:00,A1,24.36,70.62,0.2831,-1.4,394.8,27.95,0.0,0
2025-08-30 03:30:00,A1,24.81,71.68,0.2827,-12.7,384.4,27.7,0.0,0
2025-08-30 03:40:00,A1,23.81,72.11,0.282,-17.1,379.1,27.46,0.0,0
2025-08-30 03:50:00,A1,23.01,71.91,0.2813,9.9,392.5,27.23,0.0,0
2025-08-30 04:00:00,A1,23.35,72.47,0.2808,-45.5,399.1,27.0,0.0,0
2025-08-30 04:10:00,A1,23.44,76.5,0.2804,22.5,384.6,26.78,0.0,0
2025-08-30 04:20:00,A1,23.05,74.72,0.286,-12.5,379.8,26.56,0.63,1
2025-08-30 04:30:00,A1,22.65,73.27,0.2845,-33.9,391.5,26.35,0.0,0
2025-08-30 04:40:00,A1,22.78,75.49,0.2837,-13.5,392.1,26.14,0.0,0
2025-08-30 04:50:00,A1,22.65,73.64,0.2817,37.7,397.8,25.95,0.0,0
2025-08-30 05:00:00,A1,22.59,76.84,0.2802,-16.1,401.6,25.76,0.0,0
2025-08-30 05:10:00,A1,21.97,75.38,0.2937,10.8,394.2,25.58,1.507,1
2025-08-30 05:20:00,A1,21.3,74.56,0.2936,-21.9,410.3,25.4,0.0,0
2025-08-30 05:30:00,A1,21.33,75.77,0.2931,22.7,398.0,25.24,0.0,0
2025-08-30 05:40:00,A1,21.81,71.8,0.2929,20.6,394.2,25.09,0.0,0
2025-08-30 05:50:00,A1,20.45,72.73,0.2925,55.5,385.0,24.94,0.0,0
2025-08-30 06:00:00,A1,21.03,72.61,0.2918,-5.3,396.7,24.8,0.0,0
2025-08-30 06:10:00,A1,20.44,75.27,0.2913,63.7,397.0,24.68,0.0,0
2025-08-30 06:20:00,A1,20.58,78.41,0.291,90.1,408.4,24.56,0.0,0
2025-08-30 06:30:00,A1,21.22,79.33,0.29,169.4,405.4,24.46,0.0,0
2025-08-30 06:40:00,A1,20.48,76.05,0.2893,152.1,393.4,24.36,0.0,0
2025-08-30 06:50:00,A1,20.31,75.65,0.2885,238.8,405.3,24.28,0.0,0
2025-08-30 07:00:00,A1,19.39,70.89,0.2869,253.0,410.4,24.2,0.0,0
2025-08-30 07:10:00,A1,20.59,73.22,0.2865,298.8,418.4,24.14,0.0,0
2025-08-30 07:20:00,A1,20.48,72.52,0.2867,344.8,414.4,24.09,0.0,0
2025-08-30 07:30:00,A1,21.35,72.62,0.2854,390.3,414.6,24.05,0.0,0
2025-08-30 07:40:00,A1,19.84,73.26,0.285,419.1,410.2,24.02,0.0,0
2025-08-30 07:50:00,A1,20.14,72.36,0.2837,468.2,414.1,24.01,0.0,0
2025-08-30 08:00:00,A1,20.15,69.03,0.2828,547.3,422.2,24.0,0.0,0
2025-08-30 08:10:00,A1,20.95,74.15,0.2826,566.9,402.8,24.01,0.0,0
2025-08-30 08:20:00,A1,19.97,70.14,0.2814,599.7,412.0,24.02,0.0,0
2025-08-30 08:30:00,A1,20.22,72.38,0.2804,595.1,409.9,24.05,0.0,0
2025-08-30 08:40:00,A1,20.46,75.64,0.2923,616.1,420.4,24.09,1.381,1
2025-08-30 08:50:00,A1,20.25,69.22,0.2915,704.2,428.5,24.14,0.0,0
2025-08-30 09:00:00,A1,19.94,65.55,0.2909,733.4,415.2,24.2,0.0,0
2025-08-30 09:10:00,A1,20.39,69.56,0.2897,781.5,402.2,24.28,0.0,0
2025-08-30 09:20:00,A1,21.01,71.84,0.2887,747.9,419.3,24.36,0.0,0
2025-08-30 09:30:00,A1,19.84,73.05,0.2874,786.5,431.2,24.46,0.0,0
2025-08-30 09:40:00,A1,20.64,66.14,0.2867,770.0,429.5,24.56,0.0,0
2025-08-30 09:50:00,A1,20.26,69.05,0.2857,831.6,429.9,24.68,0.0,0
2025-08-30 10:00:00,A1,21.52,66.57,0.2834,895.9,425.5,24.8,0.0,0
2025-08-30 10:10:00,A1,20.03,66.71,0.2828,873.0,418.8,24.94,0.0,0
2025-08-30 10:20:00,A1,20.75,71.63,0.2813,925.5,434.4,25.09,0.0,0
2025-08-30 10:30:00,A1,21.47,62.73,0.2922,918.2,424.8,25.24,1.271,1
2025-08-30 10:40:00,A1,22.34,65.64,0.2906,949.4,450.2,25.4,0.0,0
2025-08-30 10:50:00,A1,21.54,65.45,0.2894,919.3,438.4,25.58,0.0,0
2025-08-30 11:00:00,A1,21.42,66.05,0.2882,968.5,430.4,25.76,0.0,0
2025-08-30 11:10:00,A1,23.08,63.44,0.287,886.6,431.2,25.95,0.0,0
2025-08-30 11:20:00,A1,21.27,63.22,0.2857,979.2,436.5,26.14,0.0,0
2025-08-30 11:30:00,A1,21.03,61.17,0.2841,942.5,436.3,26.35,0.0,0
2025-08-30 11:40:00,A1,22.82,61.85,0.2826,1032.4,448.2,26.56,0.0,0
2025-08-30 11:50:00,A1,22.47,59.97,0.281,1022.4,441.8,26.78,0.0,0
2025-08-30 12:00:00,A1,22.39,61.24,0.3027,1014.0,435.4,27.0,2.395,1
2025-08-30 12:10:00,A1,23.65,58.61,0.3008,1044.7,457.2,27.23,0.0,0
2025-08-30 12:20:00,A1,23.61,59.45,0.2998,967.7,443.4,27.46,0.0,0
2025-08-30 12:30:00,A1,23.37,57.98,0.2991,1043.9,450.0,27.7,0.0,0
2025-08-30 12:40:00,A1,23.18,59.65,0.298,1012.8,439.7,27.95,0.0,0
2025-08-30 12:50:00,A1,24.72,56.65,0.2972,969.2,448.2,28.2,0.0,0
2025-08-30 13:00:00,A1,24.84,52.57,0.2956,1000.0,448.5,28.45,0.0,0
2025-08-30 13:10:00,A1,24.64,58.01,0.295,920.5,431.5,28.7,0.0,0
2025-08-30 13:20:00,A1,26.07,53.06,0.2944,915.0,463.3,28.96,0.0,0
2025-08-30 13:30:00,A1,24.57,52.95,0.2921,905.6,458.0,29.22,0.0,0
2025-08-30 13:40:00,A1,24.56,52.47,0.2907,890.4,445.0,29.48,0.0,0
2025-08-30 13:50:00,A1,25.32,55.82,0.2892,855.3,439.8,29.74,0.0,0
2025-08-30 14:00:00,A1,25.97,48.23,0.2874,902.7,451.8,30.0,0.0,0
2025-08-30 14:10:00,A1,26.41,58.22,0.2861,835.6,450.0,30.26,0.0,0
2025-08-30 14:20:00,A1,26.38,53.51,0.2846,829.7,452.4,30.52,0.0,0
2025-08-30 14:30:00,A1,26.99,51.32,0.2826,776.2,451.3,30.78,0.0,0
2025-08-30 14:40:00,A1,26.29,50.25,0.2812,711.4,453.9,31.04,0.0,0
2025-08-30 14:50:00,A1,28.16,50.44,0.2801,745.4,461.5,31.3,0.0,0
2025-08-30 15:00:00,A1,27.5,50.44,0.2787,649.7,454.5,31.55,0.0,0
2025-08-30 15:10:00,A1,28.47,50.23,0.2763,673.5,441.6,31.8,0.0,0
2025-08-30 15:20:00,A1,28.26,49.62,0.2917,601.7,460.8,32.05,1.731,1
2025-08-30 15:30:00,A1,28.57,48.28,0.2899,668.4,462.9,32.3,0.0,0
2025-08-30 15:40:00,A1,28.88,47.32,0.2883,600.9,474.8,32.54,0.0,0
2025-08-30 15:50:00,A1,29.04,47.05,0.2862,540.5,440.3,32.77,0.0,0
2025-08-30 16:00:00,A1,29.39,46.62,0.2843,537.9,450.9,33.0,0.0,0
2025-08-30 16:10:00,A1,30.02,48.96,0.283,436.4,432.0,33.22,0.0,0
2025-08-30 16:20:00,A1,29.56,47.59,0.2817,438.9,452.6,33.44,0.0,0
2025-08-30 16:30:00,A1,30.08,40.26,0.2807,388.7,443.3,33.65,0.0,0
2025-08-30 16:40:00,A1,29.8,47.22,0.2948,349.9,462.6,33.86,1.576,1
2025-08-30 16:50:00,A1,30.92,46.08,0.2938,338.9,440.4,34.05,0.0,0
2025-08-30 17:00:00,A1,29.84,45.47,0.2931,280.8,432.5,34.24,0.0,0
2025-08-30 17:10:00,A1,31.5,44.58,0.292,225.1,441.5,34.42,0.0,0
2025-08-30 17:20:00,A1,30.57,47.48,0.2914,124.0,428.8,34.6,0.0,0
2025-08-30 17:30:00,A1,29.9,47.02,0.2903,101.7,449.8,34.76,0.0,0
2025-08-30 17:40:00,A1,30.99,43.51,0.2896,83.5,426.5,34.91,0.0,0
2025-08-30 17:50:00,A1,30.65,45.83,0.2886,46.4,442.3,35.06,0.0,0
2025-08-30 18:00:00,A1,31.7,43.06,0.287,-33.9,424.6,35.2,0.0,0
2025-08-30 18:10:00,A1,30.93,42.26,0.286,72.4,437.7,35.32,0.0,0
2025-08-30 18:20:00,A1,31.17,43.8,0.2844,45.5,452.4,35.44,0.0,0
2025-08-30 18:30:00,A1,30.41,46.85,0.2846,18.1,441.1,35.54,0.0,0
2025-08-30 18:40:00,A1,31.37,47.13,0.2833,2.2,430.3,35.64,0.0,0
2025-08-30 18:50:00,A1,30.27,46.38,0.2827,-6.4,435.9,35.72,0.0,0
2025-08-30 19:00:00,A1,30.85,46.96,0.2817,-28.6,435.1,35.8,0.0,0
2025-08-30 19:10:00,A1,32.31,46.73,0.297,2.3,437.6,35.86,1.708,1
2025-08-30 19:20:00,A1,32.38,44.62,0.295,7.7,421.7,35.91,0.0,0
2025-08-30 19:30:00,A1,32.2,47.01,0.2936,-37.3,436.2,35.95,0.0,0
2025-08-30 19:40:00,A1,31.4,48.01,0.2917,10.0,408.6,35.98,0.0,0
2025-08-30 19:50:00,A1,31.97,48.2,0.2904,-4.7,424.0,35.99,0.0,0
2025-08-30 20:00:00,A1,32.0,49.39,0.2889,-57.2,423.9,36.0,0.0,0
2025-08-30 20:10:00,A1,31.3,48.77,0.2876,-25.8,431.6,35.99,0.0,0
2025-08-30 20:20:00,A1,32.88,48.42,0.2868,-12.4,425.4,35.98,0.0,0
2025-08-30 20:30:00,A1,32.48,50.24,0.2856,56.6,412.7,35.95,0.0,0
2025-08-30 20:40:00,A1,31.78,48.46,0.2841,16.7,414.7,35.91,0.0,0
2025-08-30 20:50:00,A1,31.87,47.18,0.2834,-40.1,422.9,35.86,0.0,0
2025-08-30 21:00:00,A1,31.92,49.07,0.2826,14.6,419.4,35.8,0.0,0
2025-08-30 21:10:00,A1,30.5,48.38,0.2815,-46.4,414.1,35.72,0.0,0
2025-08-30 21:20:00,A1,31.49,49.01,0.2804,32.5,413.5,35.64,0.0,0
2025-08-30 21:30:00,A1,31.13,50.58,0.2948,-14.1,421.7,35.54,1.517,1
2025-08-30 21:40:00,A1,30.84,49.81,0.294,-2.8,410.6,35.44,0.0,0
2025-08-30 21:50:00,A1,31.15,51.32,0.2932,39.8,412.8,35.32,0.0,0
2025-08-30 22:00:00,A1,32.27,48.71,0.2919,-38.6,429.6,35.2,0.0,0
2025-08-30 22:10:00,A1,31.44,53.5,0.2907,-41.9,399.6,35.06,0.0,0
2025-08-30 22:20:00,A1,30.57,53.66,0.2894,-17.5,394.9,34.91,0.0,0
2025-08-30 22:30:00,A1,31.1,52.63,0.2887,31.2,414.8,34.76,0.0,0
2025-08-30 22:40:00,A1,31.44,56.19,0.2873,-45.6,401.9,34.6,0.0,0
2025-08-30 22:50:00,A1,30.98,57.36,0.2862,-85.0,403.6,34.42,0.0,0
2025-08-30 23:00:00,A1,30.28,52.9,0.2857,-13.5,398.8,34.24,0.0,0
2025-08-30 23:10:00,A1,29.67,55.23,0.2848,16.6,401.8,34.05,0.0,0
2025-08-30 23:20:00,A1,30.28,55.86,0.2844,36.0,415.6,33.86,0.0,0
2025-08-30 23:30:00,A1,29.89,56.16,0.2838,-13.9,408.2,33.65,0.0,0
2025-08-30 23:40:00,A1,29.98,60.35,0.2822,-12.3,407.6,33.44,0.0,0
2025-08-30 23:50:00,A1,29.6,58.96,0.2811,34.6,388.4,33.22,0.0,0
